,COPOD_ROC,DeepSVDD_ROC,COPOD_PR,DeepSVDD_PR
0_2_000000000_000000000_media_religion,0.49847471121854114,0.5149410259180333,0.5169733468103165,0.5127641879720165
0_2_000000001_000000001_good news_weird news,0.6061188855821291,0.4220016780809638,0.621084060260499,0.46145506640397094
0_2_000000100_000000100_entertainment_comedy,0.5463821918014554,0.5307726799864008,0.557934254330495,0.550400551855315
0_2_000100000_000100000_latino voices,0.5523416085832876,0.48561281227973996,0.5364046251095935,0.5042222597193474
0_2_000101000_000101000_black voices_women,0.5069516469115967,0.4893025873246018,0.501915426747975,0.4921729430972086
0_2_000101010_000101010_queer voices,0.4684853388317053,0.4606776408212914,0.4793039532045833,0.4653270053664096
0_2_001000100_001000100_style,0.5100874008175307,0.426596835971699,0.5004501337832135,0.44127315754729585
0_2_010000000_010000000_fifty,0.2206769815177392,0.4573785116270065,0.3536059547718971,0.47215134917930207
0_2_010000001_010000001_politics_sports,0.5618523991779285,0.5132731466917985,0.551561526012466,0.5139736475042087
0_2_010000010_010000010_wellness_parenting_divorce,0.407523790338152,0.5319366611100815,0.4195069520831402,0.5245225531860329
0_2_010001000_010001000_college,0.4201511993251503,0.4386010623991393,0.44454890382415063,0.451637408816664
0_2_010010001_010010001_business_crime,0.5151165248281432,0.49255903192364814,0.531008054947395,0.48951260059361984
0_2_010011001_010011001_education,0.41532353753564494,0.48252667779294994,0.43180835530584416,0.47716444908272504
0_2_010011011_010011011_money,0.4507351300584783,0.44064022602622444,0.44153531427929765,0.4593715108445735
0_2_011000010_011000010_weddings,0.43093583237743993,0.5560786168949108,0.4275340896814275,0.5446001049954294
0_2_011000110_011000110_home & living,0.525987145276063,0.4744741565929355,0.4976977202067544,0.4910471464501867
0_2_100000001_100000001_world news_u.s. news,0.6785469648321876,0.4714032497045639,0.6835217378594856,0.4739773514703085
0_2_100000010_100000010_impact,0.4527456827405848,0.5595397724351834,0.4554054805723214,0.5466095359452144
0_2_100001000_100001000_environment,0.48357209341487684,0.44413597190866205,0.5011308934636189,0.45909325694102604
0_2_100011000_100011000_science,0.5223756153373845,0.4943719592736861,0.5427337983326552,0.49499632263231447
0_2_101000100_101000100_food & drink,0.5759207516455589,0.4909117257183815,0.5414747611508207,0.48605681071052054
0_2_101000101_101000101_arts & culture,0.45132190800674343,0.46030840164440656,0.4626537912178293,0.4717343157923909
0_2_110000110_110000110_healthy living tips,0.43010574779049765,0.5118921296303321,0.45521869990044594,0.5020313249112722
0_2_110011001_110011001_tech,0.6049040664893233,0.5534716148129942,0.5681075250119267,0.5412352288990534
0_2_111000100_111000100_travel,0.4383223650647893,0.5771174063871034,0.43929611609110303,0.5657014534788332
0_3_000000000_000000000_media_religion,0.5274674514239664,0.44445283935231283,0.5522065989101368,0.4625606566827628
0_3_000000001_000000001_good news_weird news,0.5820336907024275,0.47798641758399374,0.6055932580643184,0.47613987937433777
0_3_000100000_000100000_latino voices,0.5971375988722687,0.478650638264547,0.5630365702998583,0.4962675918593458
0_3_000101000_000101000_black voices_women,0.5213742777222883,0.5053328952646099,0.5139473455619581,0.5052056809717951
0_3_000101010_000101010_queer voices,0.4519805044179747,0.4910030081364728,0.46697277335048953,0.4912938996574678
0_3_001000100_001000100_style,0.5103726964997486,0.5935399566801274,0.5013131338324797,0.5905673073348777
0_3_010000000_010000000_fifty,0.2267030636320238,0.5070330614259928,0.3557001192852701,0.5013381191608661
0_3_010001000_010001000_college,0.4366617866399335,0.46044351190767274,0.46064314845507287,0.4659241958668996
0_3_010010001_010010001_business_crime,0.5244514297255677,0.4668552867126512,0.5361281001029761,0.47774046669030573
0_3_010011001_010011001_education,0.4265470785725679,0.46366451532587183,0.4375748689814072,0.46798128049081533
0_3_010011011_010011011_money,0.48168466332158927,0.5292420779261212,0.4593407023276185,0.5133029567827274
0_3_011000010_011000010_weddings,0.4111881612741336,0.5259800565165531,0.4173614780560956,0.5124211278094742
0_3_011000110_011000110_home & living,0.555667438271605,0.5358895426097394,0.5143950011166314,0.5462961526476511
0_3_100000001_100000001_world news_u.s. news,0.7413825327484326,0.5208200473055211,0.7401578726071467,0.5242760603100959
0_3_100000010_100000010_impact,0.45811960136612706,0.47423550796753666,0.45959242528007294,0.4717286314281567
0_3_100001000_100001000_environment,0.5037609582082554,0.5038471528195981,0.5184973043342236,0.4981334502319404
0_3_100011000_100011000_science,0.5143874285000357,0.4968114242127093,0.5456267222322255,0.5007514860842868
0_3_101000100_101000100_food & drink,0.5657747264933571,0.4800679666339994,0.5319327202800974,0.4909511489610355
0_3_101000101_101000101_arts & culture,0.46821991090414017,0.5459567117173459,0.4799434795982752,0.5385859651084848
0_3_110000110_110000110_healthy living tips,0.44540971053636774,0.4705919168814493,0.4641340716073688,0.4721232858493537
0_3_110011001_110011001_tech,0.650052882252165,0.5525891521129408,0.608574050422226,0.5508904944392112
0_3_111000100_111000100_travel,0.4380701561065197,0.46718183858789913,0.44120747745112177,0.47367083525135273
0_4_000000001_000000001_good news_weird news,0.6123887984510021,0.5043996701208362,0.6374434999066179,0.5200919246632731
0_4_000100000_000100000_latino voices,0.6341702560889655,0.5191025139008536,0.6053975091966455,0.5151937648720527
0_4_000101000_000101000_black voices_women,0.5682111120341965,0.5306908942729406,0.5582679957717888,0.5316472339696565
0_4_000101010_000101010_queer voices,0.46116574528870463,0.45686851208366985,0.47204847879843426,0.46557032170164797
0_4_010000000_010000000_fifty,0.3124407415728849,0.43608343382747417,0.3819304107144805,0.4421449967886223
0_4_010001000_010001000_college,0.5391576299574552,0.42841642623111154,0.5543177210227295,0.4516073003652738
0_4_010010001_010010001_business_crime,0.5334843645601576,0.5391305479569892,0.5552045205832671,0.5291739682256019
0_4_010011001_010011001_education,0.472153169240106,0.5100496403409467,0.46282022710037196,0.5186813489043062
0_4_010011011_010011011_money,0.47506320665625434,0.5635029070521635,0.4547327564585242,0.5549814131956192
0_4_011000010_011000010_weddings,0.42244845762746036,0.6288140973496841,0.4221592207494361,0.6212761266248361
0_4_011000110_011000110_home & living,0.5334764017489712,0.4362711387602881,0.49838186630742437,0.45476178089207536
0_4_100000010_100000010_impact,0.449363071597765,0.45650174127156323,0.45009769717082365,0.4630029441015861
0_4_100001000_100001000_environment,0.5180414697094594,0.5099475235108656,0.5318300027337941,0.5074920119005673
0_4_100011000_100011000_science,0.531054451347968,0.4838426930920287,0.5473650916775388,0.4937214614396221
0_4_101000100_101000100_food & drink,0.5784366898529885,0.46172192725030187,0.542074187802432,0.47406389145319144
0_4_101000101_101000101_arts & culture,0.547994959590651,0.5064426575748774,0.5328623658579488,0.5283977866501288
0_4_110000110_110000110_healthy living tips,0.4272989296320104,0.48046163552857246,0.45321242692513053,0.49946839786108277
0_4_110011001_110011001_tech,0.6485286490335266,0.5180841037892698,0.6128370718777316,0.507403157608827
0_4_111000100_111000100_travel,0.40801243750637683,0.45115205591266194,0.42276189231302647,0.4509354239754434
0_5_000100000_000100000_latino voices,0.7192411308638108,0.5877836948860521,0.6769979482070931,0.6297707003036235
0_5_000101000_000101000_black voices_women,0.6068935075734139,0.5196544870780377,0.5963485857079114,0.5254151928019741
0_5_000101010_000101010_queer voices,0.5296001860173746,0.498614178502656,0.5266291964887079,0.5057034611687177
0_5_010001000_010001000_college,0.536121112279329,0.49906933101863177,0.5357670655321594,0.4958370398995795
0_5_010011001_010011001_education,0.5007342957957432,0.4906097670094029,0.4915047800790764,0.4953437732319728
0_5_010011011_010011011_money,0.5093394401751755,0.4381095275034895,0.4786235728425947,0.45740352717061306
0_5_011000110_011000110_home & living,0.5098058127572017,0.5600980045438957,0.4822207730838753,0.5323516277271116
0_5_100011000_100011000_science,0.7793203280593847,0.37270160339106484,0.7594277245759797,0.42756548972608177
0_5_101000100_101000100_food & drink,0.5197317554134204,0.555926265788136,0.49358703983823526,0.5585423253378801
0_5_101000101_101000101_arts & culture,0.6160757541045805,0.46064232908882824,0.57193314145145,0.48493125841021795
0_5_110011001_110011001_tech,0.6259046005074527,0.4655966048735705,0.5876663392561825,0.48063338292299296
1_2_000000000_000000001_media_religion_good news_weird news,0.537491739388976,0.5596655073729836,0.5613833475900765,0.5477259565089345
1_2_000000000_000100000_media_religion_latino voices,0.5240209960253687,0.49582680779308147,0.5340301025713958,0.5003543464214419
1_2_000000000_010000000_media_religion_fifty,0.4502645714775638,0.4672829704936027,0.4887746086441633,0.47216733832258656
1_2_000000100_001000100_entertainment_comedy_style,0.5251517217172882,0.5047400828551689,0.5307255089311345,0.5108279529547499
1_2_000101000_000100000_black voices_women_latino voices,0.5250736722509163,0.4824200154910222,0.5162426425480523,0.4844204659537471
1_2_000101010_000101000_queer voices_black voices_women,0.4877190670308487,0.5042594598539388,0.48844972391780694,0.5031922937148533
1_2_010000000_010001000_fifty_college,0.3256294363538816,0.5418483022684025,0.3953349115779232,0.5257384789264035
1_2_010000010_011000010_wellness_parenting_divorce_weddings,0.4024883435680013,0.48779405805339493,0.41671289617169716,0.4893976737420404
1_2_010010001_010011001_business_crime_education,0.5069076949696311,0.5021863293613158,0.5222811910107028,0.5020355034289345
1_2_010011011_010011001_money_education,0.4422963286371515,0.45677279776877056,0.4386399230580338,0.4650605693294525
1_2_011000110_011000010_home & living_weddings,0.479841401265078,0.5554971139976702,0.4610482620531559,0.5439507975414879
1_2_100000001_000000001_world news_u.s. news_good news_weird news,0.7051504533868576,0.5852217517364658,0.7137184242061239,0.5783564275659683
1_2_100011000_100001000_science_environment,0.5028373594335693,0.48440987723214285,0.5176581132510409,0.49418092138808606
1_2_101000100_001000100_food & drink_style,0.5228936503867654,0.4826937013917253,0.5045989199998612,0.47875991251775224
1_2_101000100_101000101_food & drink_arts & culture,0.5384386864592419,0.49324355099566286,0.5177158701926254,0.4933650014937684
1_2_110011001_010011001_tech_education,0.5669001321137668,0.5106560182943212,0.5386359473860407,0.4975828136537949
1_2_111000100_101000100_travel_food & drink,0.4935042304769949,0.6178049791995985,0.4787998233052816,0.6106795177313522
1_3_000000000_000000001_media_religion_good news_weird news,0.5594846642383917,0.4526815638904546,0.5889293431854061,0.4743160817475741
1_3_000000000_000100000_media_religion_latino voices,0.5429069544824112,0.5162210129302283,0.5562611461083985,0.5119913529418116
1_3_000101000_000100000_black voices_women_latino voices,0.5755490366828682,0.5387630961049445,0.5647902657908396,0.5433697317138996
1_3_000101010_000101000_queer voices_black voices_women,0.48121948321091956,0.5398568544257593,0.48563237509923357,0.5361266377361578
1_3_010000000_010001000_fifty_college,0.3769534624306684,0.4660377256533671,0.4384412388250763,0.4731422109661776
1_3_010010001_010011001_business_crime_education,0.512869737014775,0.5082893423062839,0.5248264606561016,0.49710506921607656
1_3_010011011_010011001_money_education,0.45259282670176854,0.49562153814072907,0.4431868145718562,0.4983567385737061
1_3_011000110_011000010_home & living_weddings,0.4704167673385447,0.5605839389993152,0.45373906466646696,0.551362647857149
1_3_100000001_000000001_world news_u.s. news_good news_weird news,0.664568439440212,0.4941435705706717,0.6864870911078192,0.4978408950052056
1_3_100011000_100001000_science_environment,0.5084695112998164,0.48510700243306826,0.5251238050000537,0.4859705220260409
1_3_101000100_001000100_food & drink_style,0.5227574275259177,0.5275924590011767,0.5090787964902884,0.5278309546094734
1_3_101000100_101000101_food & drink_arts & culture,0.5460076116733348,0.5438650000402043,0.522620305287999,0.5398742464078464
1_3_110011001_010011001_tech_education,0.5803561105805805,0.505034188705857,0.5668831882792958,0.5165776534657741
1_3_111000100_101000100_travel_food & drink,0.48575560445610577,0.4868439501374764,0.47624045309755136,0.49002363959613904
1_4_000101000_000100000_black voices_women_latino voices,0.6014098686104971,0.4807363020302751,0.5920058751168089,0.4895113649007819
1_4_000101010_000101000_queer voices_black voices_women,0.5420606840051604,0.4900781664971724,0.5344742585746713,0.4952825834885924
1_4_010010001_010011001_business_crime_education,0.5430027145494003,0.5024525077419385,0.5636742481153738,0.5047494854612007
1_4_010011011_010011001_money_education,0.48872342921190165,0.5035652751893027,0.46796219211781603,0.508958761583191
1_4_011000110_011000010_home & living_weddings,0.4353596876225101,0.5497070816061148,0.43276826792188394,0.5588417826620253
1_4_101000100_101000101_food & drink_arts & culture,0.5852744271542296,0.550652378162716,0.54846538772712,0.5658870879606686
1_4_110011001_010011001_tech_education,0.5849345767360452,0.5066449295427531,0.5607735106070957,0.5080726143177954
1_5_010011011_010011001_money_education,0.5281407942238266,0.4787075942603187,0.5030342844636966,0.48566530660504426
1_5_110011001_010011001_tech_education,0.6486969040284618,0.5746494212462472,0.6235568839125663,0.5644687317378178
2_2_000000000_010001000_media_religion_college,0.4877499269791191,0.4717682308799255,0.50594281344761,0.49661745121519163
2_2_000000000_100001000_media_religion_environment,0.502629958693869,0.5138560615373843,0.5202937325891713,0.5098502338986504
2_2_000000001_000100000_good news_weird news_latino voices,0.6442810962929536,0.44863361347971653,0.6398646577392874,0.48289282102136305
2_2_000000001_010000000_good news_weird news_fifty,0.4833801549322882,0.515230892567861,0.5278799647189768,0.5161586253420144
2_2_000000100_000000001_entertainment_comedy_good news_weird news,0.6063180576898353,0.5233003364410661,0.6255534355328203,0.5604998851738129
2_2_000000100_000100000_entertainment_comedy_latino voices,0.5481006015153465,0.529005221793175,0.5583889174083719,0.5311859806057168
2_2_000000100_010000000_entertainment_comedy_fifty,0.5190091995953848,0.49494745546783914,0.5291347695315306,0.5085514994966747
2_2_000000100_101000100_entertainment_comedy_food & drink,0.5467833722445375,0.5229653671371192,0.5460664002515421,0.524113802786128
2_2_000101000_000000000_black voices_women_media_religion,0.5375497447038431,0.5099127519630549,0.5384764383147275,0.5069578207872338
2_2_000101000_010001000_black voices_women_college,0.5029809682394298,0.4772335884785768,0.49224289198689136,0.48385234294250806
2_2_000101000_100001000_black voices_women_environment,0.5126308779087771,0.5001530369281694,0.5118120838123253,0.49573675480386903
2_2_000101010_000100000_queer voices_latino voices,0.49134902202606834,0.4868034072265017,0.49567865610054906,0.4899306343124112
2_2_001000100_101000101_style_arts & culture,0.4972314388174911,0.4667723006209713,0.49305640331031003,0.4659748967168561
2_2_010000000_000100000_fifty_latino voices,0.36814780795574614,0.4593339703441841,0.41856456859089963,0.4667094368241171
2_2_010000001_010001000_politics_sports_college,0.5598441350584706,0.5200084780076017,0.5496332208874289,0.5169276549556119
2_2_010000001_010011001_politics_sports_education,0.558938066614521,0.5500958473514641,0.5471512876591906,0.5495966723207869
2_2_010000010_010001000_wellness_parenting_divorce_college,0.40195280717207255,0.5442091270842648,0.4167257848995729,0.5445337303779126
2_2_010000010_011000110_wellness_parenting_divorce_home & living,0.3998275202464413,0.5363150877761638,0.41484247365090055,0.5468143277690145
2_2_010000010_100000010_wellness_parenting_divorce_impact,0.4196423232922463,0.5299919958634557,0.4279918316540384,0.5305762702845235
2_2_010000010_110000110_wellness_parenting_divorce_healthy living tips,0.39658706985237957,0.42760405844930127,0.4153824649339695,0.4393157185871854
2_2_010001000_010011001_college_education,0.4497519199203601,0.45237616180842277,0.4568046547069068,0.4570519371941313
2_2_010010001_000000001_business_crime_good news_weird news,0.5658056342929956,0.4965857866974458,0.5944888455839497,0.4981903084203287
2_2_010010001_010000000_business_crime_fifty,0.46573357128171117,0.46709262259344425,0.4915087888655762,0.46933295367639577
2_2_010010001_010011011_business_crime_money,0.5072582067464533,0.47381510615161027,0.5167328100225829,0.473869683795524
2_2_010010001_110011001_business_crime_tech,0.5338976684422376,0.5057945478857451,0.5386428927755444,0.5099346860892567
2_2_011000010_010000000_weddings_fifty,0.36875464805975944,0.5093995337102467,0.3997322913036326,0.5043736468275295
2_2_011000110_001000100_home & living_style,0.5171718968837756,0.46254464591836875,0.4986440576671086,0.46250397949976163
2_2_100000001_000000000_world news_u.s. news_media_religion,0.6049361591365194,0.5135818185719953,0.6190923284376939,0.5083019732374748
2_2_100000001_100001000_world news_u.s. news_environment,0.6399003185144883,0.5317406228383872,0.6494130409885205,0.5308586238454106
2_2_100000001_101000101_world news_u.s. news_arts & culture,0.6230887149534453,0.5125091688493952,0.6310251381921373,0.5144746408115727
2_2_100000010_000000000_impact_media_religion,0.4876804637808412,0.5368632270122002,0.49791653473036224,0.5204891959371762
2_2_100000010_100000001_impact_world news_u.s. news,0.6085511800785137,0.465111676143789,0.6132213950269296,0.47170650343913517
2_2_100000010_100001000_impact_environment,0.4592978202710407,0.49242131485461166,0.4727850796448705,0.48870137391522156
2_2_100001000_010001000_environment_college,0.49461479658563,0.5042845222350345,0.5066872178631625,0.5027001448806141
2_2_100011000_110011001_science_tech,0.5549521697234618,0.48749619134263916,0.5456638022021753,0.4890253110621886
2_2_110000110_011000110_healthy living tips_home & living,0.46804690756426715,0.5039476310405274,0.46875007998951246,0.5050247000864128
2_2_110000110_100000010_healthy living tips_impact,0.43441638133810045,0.5328727641882914,0.4516273694938664,0.5213371425048966
2_2_110011001_010011011_tech_money,0.5204618244785095,0.5447904641735348,0.49722682752456226,0.5387653145015835
2_2_111000100_001000100_travel_style,0.46029232386914903,0.5413508733188817,0.46110710806225186,0.5401747826478291
2_2_111000100_011000110_travel_home & living,0.4755590964569226,0.4398341537740271,0.460589177412441,0.45962606168312803
2_2_111000100_101000101_travel_arts & culture,0.4436066390629473,0.5006497042905791,0.44777025994220876,0.49770293395813253
2_2_111000100_110000110_travel_healthy living tips,0.44365580550459977,0.5288263142838512,0.4476921529022703,0.5239169679419835
2_3_000000000_010001000_media_religion_college,0.5332733220814581,0.4325026605488581,0.5545408884364832,0.45615863644981136
2_3_000000000_100001000_media_religion_environment,0.535482312159334,0.5079450547194415,0.5568923426585242,0.5054925266879617
2_3_000000001_000100000_good news_weird news_latino voices,0.6065713440541661,0.5069231008393731,0.6208609512615909,0.5181774833074321
2_3_000000001_010000000_good news_weird news_fifty,0.45521100177744744,0.5622675912755837,0.5039793152742236,0.5648463694225979
2_3_000101000_000000000_black voices_women_media_religion,0.5578382552176253,0.4923319538047665,0.5623719490012402,0.49370187159969703
2_3_000101000_010001000_black voices_women_college,0.5302355515206698,0.49550717352202955,0.5189419842231487,0.49664811628538647
2_3_000101000_100001000_black voices_women_environment,0.5189726287161822,0.49043207688295665,0.5184879242600697,0.4962139773909544
2_3_000101010_000100000_queer voices_latino voices,0.5479684039837992,0.47046961133307585,0.5419032004691448,0.4832237185609474
2_3_001000100_101000101_style_arts & culture,0.4986547017151511,0.4926245159478583,0.49563414499030994,0.4959739903871006
2_3_010000000_000100000_fifty_latino voices,0.3979704996642971,0.5573058437289893,0.44934036020493767,0.5359643903342008
2_3_010001000_010011001_college_education,0.4378731508338909,0.4538674767509476,0.4503383394855309,0.46138831844510403
2_3_010010001_000000001_business_crime_good news_weird news,0.5633143569958807,0.4819690291092562,0.5906163435355472,0.4863462850573085
2_3_010010001_010011011_business_crime_money,0.512492196056634,0.46128730472551926,0.5156874695765482,0.4686987045006884
2_3_010010001_110011001_business_crime_tech,0.5415607097115389,0.47697504706164934,0.541728188265909,0.4777797820550111
2_3_011000010_010000000_weddings_fifty,0.343630852483718,0.5196111125292038,0.39090403599081947,0.507425703122253
2_3_011000110_001000100_home & living_style,0.5163710413609821,0.517153091488566,0.4997569814659827,0.5441516443644228
2_3_100000001_100001000_world news_u.s. news_environment,0.7346599697239227,0.5117810703596489,0.7341261520701905,0.512121656665637
2_3_100000001_101000101_world news_u.s. news_arts & culture,0.686487172128236,0.6176675623046696,0.6960797231953779,0.6296820996167884
2_3_100000010_000000000_impact_media_religion,0.511412248300577,0.4203211800711616,0.5350707720097273,0.45558047443973404
2_3_100000010_100000001_impact_world news_u.s. news,0.6404851240399153,0.46354476543385237,0.6525781529288559,0.48034029125664873
2_3_100000010_100001000_impact_environment,0.4696719792991535,0.5203309854830929,0.47906547733517674,0.5211632642496418
2_3_100001000_010001000_environment_college,0.548860157455948,0.5361431766019135,0.5623418867137314,0.530738501306779
2_3_100011000_110011001_science_tech,0.5950265933107596,0.513424642416869,0.5752060807788195,0.5183744344731367
2_3_110000110_011000110_healthy living tips_home & living,0.49112515035669974,0.4999438784828686,0.4826395953390024,0.4991237796799544
2_3_110000110_100000010_healthy living tips_impact,0.446427919831866,0.45969135900908803,0.4610212135707368,0.4618880700023194
2_3_110011001_010011011_tech_money,0.5733107264624554,0.5362150326183253,0.5376852305351372,0.5198616252201278
2_3_111000100_001000100_travel_style,0.46119613200210696,0.5249408826929085,0.46210911983465114,0.512715853574392
2_3_111000100_011000110_travel_home & living,0.4842836054288546,0.5606203624577415,0.46801309396790425,0.5484808337026593
2_3_111000100_101000101_travel_arts & culture,0.44595374419718165,0.4637659151104915,0.45126553832605987,0.4696306877080343
2_3_111000100_110000110_travel_healthy living tips,0.44838113434548116,0.4496729502230303,0.45205792507492215,0.4614276692742917
2_4_000000001_000100000_good news_weird news_latino voices,0.6243515400352307,0.5414420802312474,0.6405684211840165,0.5552690532863018
2_4_000101010_000100000_queer voices_latino voices,0.5600426748488507,0.46150510444145865,0.5561459786367939,0.4687125978473028
2_4_010001000_010011001_college_education,0.5325753001311584,0.47635433728927257,0.5303563021541281,0.4814011703329492
2_4_010010001_010011011_business_crime_money,0.5317563778132698,0.5424032627636396,0.5488474349438321,0.5336388236387691
2_4_010010001_110011001_business_crime_tech,0.5606898269050156,0.4733469861487577,0.5738397047408971,0.47748930377422116
2_4_100011000_110011001_science_tech,0.6880356748725512,0.5566802773456215,0.6664950425266055,0.5564984007346614
2_4_110000110_011000110_healthy living tips_home & living,0.45273069595396503,0.46219429394531586,0.4574050543834259,0.46763149376579655
2_4_110011001_010011011_tech_money,0.5605601828236999,0.46164068162903704,0.5293119525491231,0.4688004337795917
2_4_111000100_011000110_travel_home & living,0.42947228453417363,0.5584942737294791,0.4336067172076937,0.5676908979505138
2_4_111000100_101000101_travel_arts & culture,0.4151827666228081,0.46637115737032436,0.4311919620474364,0.47602711617075405
2_4_111000100_110000110_travel_healthy living tips,0.41569122959809723,0.5526686028074086,0.43259915596376136,0.5427435205740995
2_5_110011001_010011011_tech_money,0.5607366305135708,0.506099593277672,0.5223541814911514,0.5168965743780405
3_2_000000000_100011000_media_religion_science,0.5165700136412217,0.49984495832943165,0.534276682904587,0.5049803407034055
3_2_000000001_001000100_good news_weird news_style,0.585770196513959,0.5539597811358263,0.5771178725049246,0.5545029976274243
3_2_000000001_010001000_good news_weird news_college,0.5561366964749914,0.47884483047909254,0.5881466401533173,0.48142935979459006
3_2_000000001_010011001_good news_weird news_education,0.586131973959026,0.4953227807715901,0.5970980221202001,0.5117354532181732
3_2_000000001_100001000_good news_weird news_environment,0.6247950553877037,0.4864822068342499,0.6192748543596621,0.4952091433996778
3_2_000000001_101000101_good news_weird news_arts & culture,0.5826743214136841,0.4956662691614818,0.5933523756413048,0.5098025818146377
3_2_000000100_000101000_entertainment_comedy_black voices_women,0.5371300321086785,0.5427334473771946,0.5447324740854076,0.5480628132660449
3_2_000000100_010001000_entertainment_comedy_college,0.5349560132997833,0.46806075055855606,0.5408512133680355,0.48336089554141254
3_2_000000100_011000110_entertainment_comedy_home & living,0.5269469924906365,0.5018500855708053,0.5293144053308548,0.5028195056599315
3_2_000000100_100000001_entertainment_comedy_world news_u.s. news,0.6324225968997106,0.43400318952297867,0.6487198490915388,0.45545680675933037
3_2_000000100_100000010_entertainment_comedy_impact,0.5215706877087171,0.4856773485313074,0.5351102975781022,0.48423758447396137
3_2_000000100_100001000_entertainment_comedy_environment,0.5459760784087195,0.47217584624094755,0.5634954635565368,0.4890811028711031
3_2_000000100_101000101_entertainment_comedy_arts & culture,0.5367958969751658,0.5341132876881414,0.5532524782749632,0.5338454310224475
3_2_000000100_110000110_entertainment_comedy_healthy living tips,0.5054572991476658,0.5378011981929206,0.5168685839687471,0.5331691147981944
3_2_000000100_111000100_entertainment_comedy_travel,0.5096008910311551,0.5018858541664104,0.5202985858758651,0.5097144707039112
3_2_000101000_000000001_black voices_women_good news_weird news,0.6298909976984639,0.5095683254960076,0.6201378624606428,0.5165914528116133
3_2_000101000_010000000_black voices_women_fifty,0.49214069744806715,0.4710873542945981,0.49567404517147784,0.47732188663942515
3_2_000101000_100011000_black voices_women_science,0.5159368177389986,0.48226838092081714,0.5124658136973682,0.4842269187390076
3_2_000101010_000000000_queer voices_media_religion,0.5065827780736967,0.4683268246805184,0.5170904014232187,0.4809987621960471
3_2_000101010_010001000_queer voices_college,0.4657762322396007,0.47173681349582297,0.4732665001089349,0.47670079654146535
3_2_000101010_100000010_queer voices_impact,0.4551195335438052,0.48614928679589964,0.46363907584759706,0.48275043077014035
3_2_000101010_100001000_queer voices_environment,0.4812084865108473,0.48852499335311983,0.49363289437450675,0.48908221984796485
3_2_001000100_000100000_style_latino voices,0.5087124740804726,0.5341842848571127,0.5005470545032487,0.5329696150787309
3_2_001000100_010000000_style_fifty,0.4503235586152049,0.5216770637624741,0.45645704065234605,0.5213171339806912
3_2_010000000_010011001_fifty_education,0.31219954648526077,0.515085923468316,0.38328061149137177,0.5038808187822056
3_2_010000001_010011011_politics_sports_money,0.5613476820758545,0.47996897173699177,0.5486152029651953,0.48326417759609186
3_2_010000001_011000010_politics_sports_weddings,0.546344580298034,0.44338888900919693,0.5345791279428745,0.45908436865714786
3_2_010000001_110011001_politics_sports_tech,0.5669770652289224,0.475200635498621,0.5523727290658611,0.48393117954361675
3_2_010000010_000101010_wellness_parenting_divorce_queer voices,0.41305049897366897,0.4781769888016877,0.42403407784092895,0.4912609376364874
3_2_010000010_010010001_wellness_parenting_divorce_business_crime,0.4215746396207294,0.5744210670571903,0.4328557620695014,0.5631867563053211
3_2_010000010_010011011_wellness_parenting_divorce_money,0.4023005797027406,0.5166707596788741,0.41705520855107975,0.5125098418303032
3_2_010001000_000100000_college_latino voices,0.5003130876436548,0.48857336461502404,0.49644468956116233,0.4830531563951907
3_2_010010001_000000000_business_crime_media_religion,0.5311943895778157,0.49296296186288013,0.5544278766199925,0.49538918981021907
3_2_010010001_010001000_business_crime_college,0.5031949928632595,0.48323609985264465,0.5124743536897644,0.4852946619306789
3_2_010010001_100000001_business_crime_world news_u.s. news,0.6100807391537999,0.546010314996267,0.6269069103154945,0.5550480382850171
3_2_010011011_010001000_money_college,0.4511209274673008,0.4344670630202141,0.4473231107093384,0.4459268467575284
3_2_011000010_000000000_weddings_media_religion,0.4781065866136984,0.4717141561143142,0.4794209618191842,0.4728477415150625
3_2_011000010_001000100_weddings_style,0.4921437072662329,0.43602696875698177,0.482252343537555,0.441226460565926
3_2_011000010_010001000_weddings_college,0.41429833173911024,0.5606450751892262,0.4212479898430944,0.5365371330936823
3_2_011000010_100000010_weddings_impact,0.43324628619455624,0.4959445307573395,0.4343114534803543,0.4945297216892919
3_2_011000110_010000000_home & living_fifty,0.4228606090692588,0.5973882366247976,0.435293372145385,0.5809132705103107
3_2_100000001_000100000_world news_u.s. news_latino voices,0.7279094808324827,0.4840874022300328,0.7259655659465549,0.4911333260150013
3_2_100000001_010000000_world news_u.s. news_fifty,0.6316691922120088,0.4753159226629702,0.6561730332467486,0.4882124758249279
3_2_100000001_100011000_world news_u.s. news_science,0.6556941032199547,0.47019030639455783,0.6599939951140537,0.46519675873934674
3_2_100000001_110011001_world news_u.s. news_tech,0.6895650197532079,0.5374817785123597,0.6911414767923074,0.539358533471479
3_2_100000010_000000001_impact_good news_weird news,0.5341282886115053,0.542043388779539,0.5434127355209968,0.5344939912250279
3_2_100000010_000100000_impact_latino voices,0.4701968331432821,0.46196983643568723,0.47063535693581576,0.4650132579806118
3_2_100000010_010000000_impact_fifty,0.4144005682383668,0.5269863147164727,0.44472372140695254,0.5123856752825289
3_2_100000010_100011000_impact_science,0.4719356099097791,0.5319565976136719,0.4799232224095392,0.5513162920440327
3_2_100001000_000100000_environment_latino voices,0.5039538430699045,0.4729312823389342,0.513521337253724,0.47411792046204426
3_2_100001000_010000000_environment_fifty,0.4632507284088989,0.5528550185995498,0.5043431473596298,0.5401916254962589
3_2_100011000_010001000_science_college,0.47561234127868124,0.4845862775673869,0.4860765928454594,0.4838430724342806
3_2_100011000_010011001_science_education,0.5006225647158674,0.5254810771189383,0.5141329362720758,0.517865158946315
3_2_101000100_000000000_food & drink_media_religion,0.5182172057762301,0.5579272746487052,0.5065879006657296,0.5509131234931831
3_2_101000100_011000110_food & drink_home & living,0.5599697253248147,0.640850987947457,0.5212320940595603,0.6389193965098157
3_2_101000100_100000001_food & drink_world news_u.s. news,0.6675207327289323,0.526228713787671,0.6599197330415876,0.5365539135044238
3_2_101000100_100000010_food & drink_impact,0.5339061479494166,0.5096558608001891,0.510885624022466,0.5060302433935555
3_2_101000100_100001000_food & drink_environment,0.5402010002507741,0.48617061455737387,0.5229955583561721,0.4870600164064137
3_2_110000110_010000000_healthy living tips_fifty,0.3772652347566593,0.5494329726407496,0.42412876348062756,0.5531913851597935
3_2_110000110_011000010_healthy living tips_weddings,0.4278712030700349,0.4726862476305316,0.4400309440676364,0.47580969196393996
3_2_110000110_101000100_healthy living tips_food & drink,0.5152454580679713,0.48152592054147164,0.499103327265796,0.4909267540667581
3_2_110011001_010001000_tech_college,0.5450259083270644,0.463952333683176,0.5241471716279318,0.46993429196148256
3_2_110011001_100001000_tech_environment,0.5327969287265983,0.475598546319962,0.5282499058930541,0.47794210712122065
3_2_111000100_010000000_travel_fifty,0.37497493688974354,0.46357939652329216,0.4061911631195898,0.473556876675746
3_2_111000100_011000010_travel_weddings,0.44391247897086017,0.5737285369555898,0.43886695948580967,0.5661044903428646
3_3_000000000_100011000_media_religion_science,0.544203691693416,0.44503652188523635,0.5660290441023388,0.4768351930953181
3_3_000000001_010001000_good news_weird news_college,0.5798751268964841,0.476229051277508,0.614058618789362,0.49304952711351013
3_3_000000001_010011001_good news_weird news_education,0.5755773819390018,0.5076348373363893,0.5964865228433496,0.5317628324919109
3_3_000000001_100001000_good news_weird news_environment,0.5896847076528945,0.536458315617935,0.6176778309079356,0.5475019397031271
3_3_000000001_101000101_good news_weird news_arts & culture,0.5200906908513818,0.5274103474499763,0.5361241400120534,0.5361445228244137
3_3_000101000_000000001_black voices_women_good news_weird news,0.6031689961579673,0.4855090545284482,0.6126014613912171,0.4886496499138052
3_3_000101000_100011000_black voices_women_science,0.5278223248163365,0.4715434758690661,0.5282516795786127,0.47654172424172664
3_3_000101010_000000000_queer voices_media_religion,0.5304504333649245,0.5136761155657974,0.5420789912367692,0.5104336492956637
3_3_000101010_010001000_queer voices_college,0.4941412630233929,0.47551325819167933,0.4935638765938769,0.4750247508204042
3_3_000101010_100000010_queer voices_impact,0.4651021032791166,0.47000789799653614,0.47344845143513825,0.4714085721157648
3_3_000101010_100001000_queer voices_environment,0.4803352917939589,0.46856124586047315,0.4929069905409419,0.46981654050932714
3_3_010000000_010011001_fifty_education,0.34243654865853085,0.4036188590117837,0.4019031837359649,0.4298217971416605
3_3_010001000_000100000_college_latino voices,0.5698312111444503,0.46460369176550487,0.5695759368611338,0.4662323342584039
3_3_010010001_010001000_business_crime_college,0.5500373255077511,0.463124656151495,0.5777642359279477,0.4634071857745591
3_3_010010001_100000001_business_crime_world news_u.s. news,0.611782886771998,0.5078081747943795,0.6281908157237991,0.5060117636825865
3_3_010011011_010001000_money_college,0.4539946492271106,0.46545505350772887,0.45038406501355477,0.46725392466985866
3_3_011000010_001000100_weddings_style,0.43630381700306253,0.4863997545521383,0.44274976934116206,0.4997599449760912
3_3_011000010_010001000_weddings_college,0.37596034176213866,0.5796858826496253,0.4029958086014227,0.5672579261943502
3_3_011000010_100000010_weddings_impact,0.436487883634708,0.4510251621966835,0.4364765943952317,0.4596240404235082
3_3_011000110_010000000_home & living_fifty,0.4478833856846417,0.4938619775146479,0.450708515123279,0.49616057336340147
3_3_100000001_000100000_world news_u.s. news_latino voices,0.7043338044479495,0.525632259856616,0.7239365852398488,0.5358290030079768
3_3_100000001_100011000_world news_u.s. news_science,0.7433301942857142,0.4968812001814059,0.7425438518368137,0.5148400649487672
3_3_100000001_110011001_world news_u.s. news_tech,0.7371215230292475,0.5248889511299948,0.7329984640431471,0.5305482539789699
3_3_100000010_000000001_impact_good news_weird news,0.5998898385774866,0.5057402043471289,0.6033864204205712,0.49625217549434303
3_3_100000010_000100000_impact_latino voices,0.5175506162902186,0.49652853521133644,0.5063372597038646,0.49359833202553083
3_3_100000010_100011000_impact_science,0.47647188821383674,0.5342741559360146,0.48582679829198816,0.5257146326086124
3_3_100001000_000100000_environment_latino voices,0.5521833392003442,0.48026593486077107,0.5531354329739208,0.4808717456313427
3_3_100011000_010001000_science_college,0.5474924927600803,0.5205404767208732,0.5728508927392639,0.5156601864925454
3_3_100011000_010011001_science_education,0.5124507156359709,0.49887195710042054,0.5255769355281295,0.49953935226865376
3_3_101000100_011000110_food & drink_home & living,0.5645022488817539,0.45655638561765854,0.5258234378266722,0.4728072940162159
3_3_101000100_100000001_food & drink_world news_u.s. news,0.7173773038673399,0.5523781677519001,0.7006213774985781,0.5475522553899514
3_3_101000100_100000010_food & drink_impact,0.5592285855648395,0.5244153381322914,0.5266465168736699,0.520444238663726
3_3_101000100_100001000_food & drink_environment,0.5513256032930107,0.5335901814820172,0.5315107005137913,0.5385478709386289
3_3_110000110_010000000_healthy living tips_fifty,0.39056538686482817,0.4733307873877263,0.4340255790716955,0.47810882905944346
3_3_110000110_011000010_healthy living tips_weddings,0.42666197921960114,0.4359012583260354,0.4373753076440128,0.4444429590407682
3_3_110000110_101000100_healthy living tips_food & drink,0.5174838664161536,0.4539583403409708,0.504101176447534,0.46471697120579836
3_3_110011001_010001000_tech_college,0.6161237059107234,0.5426912014062462,0.6046111949745028,0.5562483605128216
3_3_110011001_100001000_tech_environment,0.6582987162749645,0.48714786873274507,0.6411865655882206,0.49341179686354064
3_3_111000100_011000010_travel_weddings,0.40415015294026274,0.5084749222507684,0.4165963365811613,0.5026784882855246
3_4_000000001_010011001_good news_weird news_education,0.5972136085046711,0.5355346844751159,0.6206993541056453,0.534134970014764
3_4_000101000_100011000_black voices_women_science,0.6077643773417314,0.5715436798740452,0.6091343794483386,0.5706255763222315
3_4_010011011_010001000_money_college,0.527694292508918,0.5158747919143876,0.5168794074241885,0.5182056683630997
3_4_100011000_010011001_science_education,0.5642851356043362,0.5031016357393618,0.5799868314553268,0.5079582974440947
3_4_101000100_011000110_food & drink_home & living,0.5059062522462514,0.5361642971818008,0.48366766497596064,0.5200470142983789
3_4_110011001_010001000_tech_college,0.6414986903649688,0.49773524897473853,0.6215498713230799,0.49618980776541316
