dataset_name,COPOD_ROC,DeepSVDD_ROC,COPOD_PR,DeepSVDD_PR,difficulty,radius,vectors,classes,train_len,test_len,anomaly_len,radius_diff
0_2_000000000_000000000_media_religion,0.4984747112185411,0.5149410259180333,0.5169733468103165,0.5127641879720165,0,2,"['000000000', '000000000']","['media', 'religion']",54385,11042,5521,radius: 2 ; differance: 0
0_2_000000001_000000001_good news_weird news,0.6061188855821291,0.4220016780809638,0.621084060260499,0.4614550664039709,0,2,"['000000001', '000000001']","['good news', 'weird news']",109211,8350,4175,radius: 2 ; differance: 0
0_2_000000100_000000100_entertainment_comedy,0.5463821918014554,0.5307726799864008,0.557934254330495,0.550400551855315,0,2,"['000000100', '000000100']","['entertainment', 'comedy']",131272,45524,22762,radius: 2 ; differance: 0
0_2_000100000_000100000_latino voices,0.5523416085832876,0.4856128122797399,0.5364046251095935,0.5042222597193474,0,2,"['000100000', '000100000']",['latino voices'],158906,2260,1130,radius: 2 ; differance: 0
0_2_000101000_000101000_black voices_women,0.5069516469115967,0.4893025873246018,0.501915426747975,0.4921729430972086,0,2,"['000101000', '000101000']","['black voices', 'women']",175009,16310,8155,radius: 2 ; differance: 0
0_2_000101010_000101010_queer voices,0.4684853388317053,0.4606776408212914,0.4793039532045833,0.4653270053664096,0,2,"['000101010', '000101010']",['queer voices'],187548,12694,6347,radius: 2 ; differance: 0
0_2_001000100_001000100_style,0.5100874008175307,0.426596835971699,0.5004501337832135,0.4412731575472958,0,2,"['001000100', '001000100']",['style'],130530,24136,12068,radius: 2 ; differance: 0
0_2_010000000_010000000_fifty,0.2206769815177392,0.4573785116270065,0.3536059547718971,0.472151349179302,0,2,"['010000000', '010000000']",['fifty'],83990,2802,1401,radius: 2 ; differance: 0
0_2_010000001_010000001_politics_sports,0.5618523991779285,0.5132731466917985,0.551561526012466,0.5139736475042087,0,2,"['010000001', '010000001']","['politics', 'sports']",60324,81358,40679,radius: 2 ; differance: 0
0_2_010000010_010000010_wellness_parenting_divorce,0.407523790338152,0.5319366611100815,0.4195069520831402,0.5245225531860329,0,2,"['010000010', '010000010']","['wellness', 'parenting', 'divorce']",74397,68234,34117,radius: 2 ; differance: 0
0_2_010001000_010001000_college,0.4201511993251503,0.4386010623991393,0.4445489038241506,0.451637408816664,0,2,"['010001000', '010001000']",['college'],112286,2288,1144,radius: 2 ; differance: 0
0_2_010010001_010010001_business_crime,0.5151165248281432,0.4925590319236481,0.531008054947395,0.4895126005936198,0,2,"['010010001', '010010001']","['business', 'crime']",139290,19108,9554,radius: 2 ; differance: 0
0_2_010011001_010011001_education,0.4153235375356449,0.4825266777929499,0.4318083553058441,0.477164449082725,0,2,"['010011001', '010011001']",['education'],152262,2028,1014,radius: 2 ; differance: 0
0_2_010011011_010011011_money,0.4507351300584783,0.4406402260262244,0.4415353142792976,0.4593715108445735,0,2,"['010011011', '010011011']",['money'],193343,3512,1756,radius: 2 ; differance: 0
0_2_011000010_011000010_weddings,0.4309358323774399,0.5560786168949108,0.4275340896814275,0.5446001049954294,0,2,"['011000010', '011000010']",['weddings'],162383,7306,3653,radius: 2 ; differance: 0
0_2_011000110_011000110_home & living,0.525987145276063,0.4744741565929355,0.4976977202067544,0.4910471464501867,0,2,"['011000110', '011000110']",['home & living'],134455,8640,4320,radius: 2 ; differance: 0
0_2_100000001_100000001_world news_u.s. news,0.6785469648321876,0.4714032497045639,0.6835217378594856,0.4739773514703085,0,2,"['100000001', '100000001']","['world news', 'u.s. news']",125842,21838,10919,radius: 2 ; differance: 0
0_2_100000010_100000010_impact,0.4527456827405848,0.5595397724351834,0.4554054805723214,0.5466095359452144,0,2,"['100000010', '100000010']",['impact'],141242,6968,3484,radius: 2 ; differance: 0
0_2_100001000_100001000_environment,0.4835720934148768,0.444135971908662,0.5011308934636189,0.459093256941026,0,2,"['100001000', '100001000']",['environment'],169966,8132,4066,radius: 2 ; differance: 0
0_2_100011000_100011000_science,0.5223756153373845,0.4943719592736861,0.5427337983326552,0.4949963226323144,0,2,"['100011000', '100011000']",['science'],198945,4412,2206,radius: 2 ; differance: 0
0_2_101000100_101000100_food & drink,0.5759207516455589,0.4909117257183815,0.5414747611508207,0.4860568107105205,0,2,"['101000100', '101000100']",['food & drink'],144003,16872,8436,radius: 2 ; differance: 0
0_2_101000101_101000101_arts & culture,0.4513219080067434,0.4603084016444065,0.4626537912178293,0.4717343157923909,0,2,"['101000101', '101000101']",['arts & culture'],160360,7844,3922,radius: 2 ; differance: 0
0_2_110000110_110000110_healthy living tips,0.4301057477904976,0.5118921296303321,0.4552186999004459,0.5020313249112722,0,2,"['110000110', '110000110']",['healthy living tips'],144318,13388,6694,radius: 2 ; differance: 0
0_2_110011001_110011001_tech,0.6049040664893233,0.5534716148129942,0.5681075250119267,0.5412352288990534,0,2,"['110011001', '110011001']",['tech'],190789,4208,2104,radius: 2 ; differance: 0
0_2_111000100_111000100_travel,0.4383223650647893,0.5771174063871034,0.439296116091103,0.5657014534788332,0,2,"['111000100', '111000100']",['travel'],154287,19800,9900,radius: 2 ; differance: 0
0_3_000000000_000000000_media_religion,0.5274674514239664,0.4444528393523128,0.5522065989101368,0.4625606566827628,0,3,"['000000000', '000000000']","['media', 'religion']",24189,11042,5521,radius: 3 ; differance: 0
0_3_000000001_000000001_good news_weird news,0.5820336907024275,0.4779864175839937,0.6055932580643184,0.4761398793743377,0,3,"['000000001', '000000001']","['good news', 'weird news']",41241,8350,4175,radius: 3 ; differance: 0
0_3_000100000_000100000_latino voices,0.5971375988722687,0.478650638264547,0.5630365702998583,0.4962675918593458,0,3,"['000100000', '000100000']",['latino voices'],52429,2260,1130,radius: 3 ; differance: 0
0_3_000101000_000101000_black voices_women,0.5213742777222883,0.5053328952646099,0.5139473455619581,0.5052056809717951,0,3,"['000101000', '000101000']","['black voices', 'women']",144465,16310,8155,radius: 3 ; differance: 0
0_3_000101010_000101010_queer voices,0.4519805044179747,0.4910030081364728,0.4669727733504895,0.4912938996574678,0,3,"['000101010', '000101010']",['queer voices'],139216,12694,6347,radius: 3 ; differance: 0
0_3_001000100_001000100_style,0.5103726964997486,0.5935399566801274,0.5013131338324797,0.5905673073348777,0,3,"['001000100', '001000100']",['style'],120171,24136,12068,radius: 3 ; differance: 0
0_3_010000000_010000000_fifty,0.2267030636320238,0.5070330614259928,0.3557001192852701,0.5013381191608661,0,3,"['010000000', '010000000']",['fifty'],23370,2802,1401,radius: 3 ; differance: 0
0_3_010001000_010001000_college,0.4366617866399335,0.4604435119076727,0.4606431484550728,0.4659241958668996,0,3,"['010001000', '010001000']",['college'],58599,2288,1144,radius: 3 ; differance: 0
0_3_010010001_010010001_business_crime,0.5244514297255677,0.4668552867126512,0.5361281001029761,0.4777404666903057,0,3,"['010010001', '010010001']","['business', 'crime']",87589,19108,9554,radius: 3 ; differance: 0
0_3_010011001_010011001_education,0.4265470785725679,0.4636645153258718,0.4375748689814072,0.4679812804908153,0,3,"['010011001', '010011001']",['education'],144480,2028,1014,radius: 3 ; differance: 0
0_3_010011011_010011011_money,0.4816846633215892,0.5292420779261212,0.4593407023276185,0.5133029567827274,0,3,"['010011011', '010011011']",['money'],117403,3512,1756,radius: 3 ; differance: 0
0_3_011000010_011000010_weddings,0.4111881612741336,0.5259800565165531,0.4173614780560956,0.5124211278094742,0,3,"['011000010', '011000010']",['weddings'],82893,7306,3653,radius: 3 ; differance: 0
0_3_011000110_011000110_home & living,0.555667438271605,0.5358895426097394,0.5143950011166314,0.5462961526476511,0,3,"['011000110', '011000110']",['home & living'],101856,8640,4320,radius: 3 ; differance: 0
0_3_100000001_100000001_world news_u.s. news,0.7413825327484326,0.5208200473055211,0.7401578726071467,0.5242760603100959,0,3,"['100000001', '100000001']","['world news', 'u.s. news']",78249,21838,10919,radius: 3 ; differance: 0
0_3_100000010_100000010_impact,0.458119601366127,0.4742355079675366,0.4595924252800729,0.4717286314281567,0,3,"['100000010', '100000010']",['impact'],91132,6968,3484,radius: 3 ; differance: 0
0_3_100001000_100001000_environment,0.5037609582082554,0.5038471528195981,0.5184973043342236,0.4981334502319404,0,3,"['100001000', '100001000']",['environment'],123611,8132,4066,radius: 3 ; differance: 0
0_3_100011000_100011000_science,0.5143874285000357,0.4968114242127093,0.5456267222322255,0.5007514860842868,0,3,"['100011000', '100011000']",['science'],168708,4412,2206,radius: 3 ; differance: 0
0_3_101000100_101000100_food & drink,0.5657747264933571,0.4800679666339994,0.5319327202800974,0.4909511489610355,0,3,"['101000100', '101000100']",['food & drink'],108999,16872,8436,radius: 3 ; differance: 0
0_3_101000101_101000101_arts & culture,0.4682199109041401,0.5459567117173459,0.4799434795982752,0.5385859651084848,0,3,"['101000101', '101000101']",['arts & culture'],133423,7844,3922,radius: 3 ; differance: 0
0_3_110000110_110000110_healthy living tips,0.4454097105363677,0.4705919168814493,0.4641340716073688,0.4721232858493537,0,3,"['110000110', '110000110']",['healthy living tips'],108066,13388,6694,radius: 3 ; differance: 0
0_3_110011001_110011001_tech,0.650052882252165,0.5525891521129408,0.608574050422226,0.5508904944392112,0,3,"['110011001', '110011001']",['tech'],133981,4208,2104,radius: 3 ; differance: 0
0_3_111000100_111000100_travel,0.4380701561065197,0.4671818385878991,0.4412074774511217,0.4736708352513527,0,3,"['111000100', '111000100']",['travel'],126471,19800,9900,radius: 3 ; differance: 0
0_4_000000001_000000001_good news_weird news,0.6123887984510021,0.5043996701208362,0.6374434999066179,0.5200919246632731,0,4,"['000000001', '000000001']","['good news', 'weird news']",16739,8350,4175,radius: 4 ; differance: 0
0_4_000100000_000100000_latino voices,0.6341702560889655,0.5191025139008536,0.6053975091966455,0.5151937648720527,0,4,"['000100000', '000100000']",['latino voices'],28580,2260,1130,radius: 4 ; differance: 0
0_4_000101000_000101000_black voices_women,0.5682111120341965,0.5306908942729406,0.5582679957717888,0.5316472339696565,0,4,"['000101000', '000101000']","['black voices', 'women']",42184,16310,8155,radius: 4 ; differance: 0
0_4_000101010_000101010_queer voices,0.4611657452887046,0.4568685120836698,0.4720484787984342,0.4655703217016479,0,4,"['000101010', '000101010']",['queer voices'],103263,12694,6347,radius: 4 ; differance: 0
0_4_010000000_010000000_fifty,0.3124407415728849,0.4360834338274741,0.3819304107144805,0.4421449967886223,0,4,"['010000000', '010000000']",['fifty'],2521,2802,1401,radius: 4 ; differance: 0
0_4_010001000_010001000_college,0.5391576299574552,0.4284164262311115,0.5543177210227295,0.4516073003652738,0,4,"['010001000', '010001000']",['college'],11214,2288,1144,radius: 4 ; differance: 0
0_4_010010001_010010001_business_crime,0.5334843645601576,0.5391305479569892,0.5552045205832671,0.5291739682256019,0,4,"['010010001', '010010001']","['business', 'crime']",57838,19108,9554,radius: 4 ; differance: 0
0_4_010011001_010011001_education,0.472153169240106,0.5100496403409467,0.4628202271003719,0.5186813489043062,0,4,"['010011001', '010011001']",['education'],81702,2028,1014,radius: 4 ; differance: 0
0_4_010011011_010011011_money,0.4750632066562543,0.5635029070521635,0.4547327564585242,0.5549814131956192,0,4,"['010011011', '010011011']",['money'],99621,3512,1756,radius: 4 ; differance: 0
0_4_011000010_011000010_weddings,0.4224484576274603,0.6288140973496841,0.4221592207494361,0.6212761266248361,0,4,"['011000010', '011000010']",['weddings'],28733,7306,3653,radius: 4 ; differance: 0
0_4_011000110_011000110_home & living,0.5334764017489712,0.4362711387602881,0.4983818663074243,0.4547617808920753,0,4,"['011000110', '011000110']",['home & living'],47106,8640,4320,radius: 4 ; differance: 0
0_4_100000010_100000010_impact,0.449363071597765,0.4565017412715632,0.4500976971708236,0.4630029441015861,0,4,"['100000010', '100000010']",['impact'],10944,6968,3484,radius: 4 ; differance: 0
0_4_100001000_100001000_environment,0.5180414697094594,0.5099475235108656,0.5318300027337941,0.5074920119005673,0,4,"['100001000', '100001000']",['environment'],15217,8132,4066,radius: 4 ; differance: 0
0_4_100011000_100011000_science,0.531054451347968,0.4838426930920287,0.5473650916775388,0.4937214614396221,0,4,"['100011000', '100011000']",['science'],113147,4412,2206,radius: 4 ; differance: 0
0_4_101000100_101000100_food & drink,0.5784366898529885,0.4617219272503018,0.542074187802432,0.4740638914531914,0,4,"['101000100', '101000100']",['food & drink'],96434,16872,8436,radius: 4 ; differance: 0
0_4_101000101_101000101_arts & culture,0.547994959590651,0.5064426575748774,0.5328623658579488,0.5283977866501288,0,4,"['101000101', '101000101']",['arts & culture'],68659,7844,3922,radius: 4 ; differance: 0
0_4_110000110_110000110_healthy living tips,0.4272989296320104,0.4804616355285724,0.4532124269251305,0.4994683978610827,0,4,"['110000110', '110000110']",['healthy living tips'],29747,13388,6694,radius: 4 ; differance: 0
0_4_110011001_110011001_tech,0.6485286490335266,0.5180841037892698,0.6128370718777316,0.507403157608827,0,4,"['110011001', '110011001']",['tech'],128405,4208,2104,radius: 4 ; differance: 0
0_4_111000100_111000100_travel,0.4080124375063768,0.4511520559126619,0.4227618923130264,0.4509354239754434,0,4,"['111000100', '111000100']",['travel'],26541,19800,9900,radius: 4 ; differance: 0
0_5_000100000_000100000_latino voices,0.7192411308638108,0.5877836948860521,0.6769979482070931,0.6297707003036235,0,5,"['000100000', '000100000']",['latino voices'],2730,2260,1130,radius: 5 ; differance: 0
0_5_000101000_000101000_black voices_women,0.6068935075734139,0.5196544870780377,0.5963485857079114,0.5254151928019741,0,5,"['000101000', '000101000']","['black voices', 'women']",16681,16310,8155,radius: 5 ; differance: 0
0_5_000101010_000101010_queer voices,0.5296001860173746,0.498614178502656,0.5266291964887079,0.5057034611687177,0,5,"['000101010', '000101010']",['queer voices'],27569,12694,6347,radius: 5 ; differance: 0
0_5_010001000_010001000_college,0.536121112279329,0.4990693310186317,0.5357670655321594,0.4958370398995795,0,5,"['010001000', '010001000']",['college'],2778,2288,1144,radius: 5 ; differance: 0
0_5_010011001_010011001_education,0.5007342957957432,0.4906097670094029,0.4915047800790764,0.4953437732319728,0,5,"['010011001', '010011001']",['education'],47810,2028,1014,radius: 5 ; differance: 0
0_5_010011011_010011011_money,0.5093394401751755,0.4381095275034895,0.4786235728425947,0.457403527170613,0,5,"['010011011', '010011011']",['money'],56462,3512,1756,radius: 5 ; differance: 0
0_5_011000110_011000110_home & living,0.5098058127572017,0.5600980045438957,0.4822207730838753,0.5323516277271116,0,5,"['011000110', '011000110']",['home & living'],24144,8640,4320,radius: 5 ; differance: 0
0_5_100011000_100011000_science,0.7793203280593847,0.3727016033910648,0.7594277245759797,0.4275654897260817,0,5,"['100011000', '100011000']",['science'],5767,4412,2206,radius: 5 ; differance: 0
0_5_101000100_101000100_food & drink,0.5197317554134204,0.555926265788136,0.4935870398382352,0.5585423253378801,0,5,"['101000100', '101000100']",['food & drink'],12339,16872,8436,radius: 5 ; differance: 0
0_5_101000101_101000101_arts & culture,0.6160757541045805,0.4606423290888282,0.57193314145145,0.4849312584102179,0,5,"['101000101', '101000101']",['arts & culture'],48611,7844,3922,radius: 5 ; differance: 0
0_5_110011001_110011001_tech,0.6259046005074527,0.4655966048735705,0.5876663392561825,0.4806333829229929,0,5,"['110011001', '110011001']",['tech'],56612,4208,2104,radius: 5 ; differance: 0
1_2_000000000_000000001_media_religion_good news_weird news,0.537491739388976,0.5596655073729836,0.5613833475900765,0.5477259565089345,1,2,"['000000000', '000000001']","['media', 'religion', 'good news', 'weird news']",40656,19392,9696,radius: 2 ; differance: 1
1_2_000000000_000100000_media_religion_latino voices,0.5240209960253687,0.4958268077930814,0.5340301025713958,0.5003543464214419,1,2,"['000000000', '000100000']","['media', 'religion', 'latino voices']",46908,13302,6651,radius: 2 ; differance: 1
1_2_000000000_010000000_media_religion_fifty,0.4502645714775638,0.4672829704936027,0.4887746086441633,0.4721673383225865,1,2,"['000000000', '010000000']","['media', 'religion', 'fifty']",39777,13844,6922,radius: 2 ; differance: 1
1_2_000000100_001000100_entertainment_comedy_style,0.5251517217172882,0.5047400828551689,0.5307255089311345,0.5108279529547499,1,2,"['000000100', '001000100']","['entertainment', 'comedy', 'style']",101062,69660,34830,radius: 2 ; differance: 1
1_2_000101000_000100000_black voices_women_latino voices,0.5250736722509163,0.4824200154910222,0.5162426425480523,0.4844204659537471,1,2,"['000101000', '000100000']","['black voices', 'women', 'latino voices']",145541,18570,9285,radius: 2 ; differance: 1
1_2_000101010_000101000_queer voices_black voices_women,0.4877190670308487,0.5042594598539388,0.4884497239178069,0.5031922937148533,1,2,"['000101010', '000101000']","['queer voices', 'black voices', 'women']",168662,29004,14502,radius: 2 ; differance: 1
1_2_010000000_010001000_fifty_college,0.3256294363538816,0.5418483022684025,0.3953349115779232,0.5257384789264035,1,2,"['010000000', '010001000']","['fifty', 'college']",69611,5090,2545,radius: 2 ; differance: 1
1_2_010000010_011000010_wellness_parenting_divorce_weddings,0.4024883435680013,0.4877940580533949,0.4167128961716971,0.4893976737420404,1,2,"['010000010', '011000010']","['wellness', 'parenting', 'divorce', 'weddings']",70744,75540,37770,radius: 2 ; differance: 1
1_2_010010001_010011001_business_crime_education,0.5069076949696311,0.5021863293613158,0.5222811910107028,0.5020355034289345,1,2,"['010010001', '010011001']","['business', 'crime', 'education']",137132,21136,10568,radius: 2 ; differance: 1
1_2_010011011_010011001_money_education,0.4422963286371515,0.4567727977687705,0.4386399230580338,0.4650605693294525,1,2,"['010011011', '010011001']","['money', 'education']",150506,5540,2770,radius: 2 ; differance: 1
1_2_011000110_011000010_home & living_weddings,0.479841401265078,0.5554971139976702,0.4610482620531559,0.5439507975414879,1,2,"['011000110', '011000010']","['home & living', 'weddings']",129401,15946,7973,radius: 2 ; differance: 1
1_2_100000001_000000001_world news_u.s. news_good news_weird news,0.7051504533868576,0.5852217517364658,0.7137184242061239,0.5783564275659683,1,2,"['100000001', '000000001']","['world news', 'u.s. news', 'good news', 'weird news']",86820,30188,15094,radius: 2 ; differance: 1
1_2_100011000_100001000_science_environment,0.5028373594335693,0.4844098772321428,0.5176581132510409,0.494180921388086,1,2,"['100011000', '100001000']","['science', 'environment']",165656,12544,6272,radius: 2 ; differance: 1
1_2_101000100_001000100_food & drink_style,0.5228936503867654,0.4826937013917253,0.5045989199998612,0.4787599125177522,1,2,"['101000100', '001000100']","['food & drink', 'style']",122094,41008,20504,radius: 2 ; differance: 1
1_2_101000100_101000101_food & drink_arts & culture,0.5384386864592419,0.4932435509956628,0.5177158701926254,0.4933650014937684,1,2,"['101000100', '101000101']","['food & drink', 'arts & culture']",129162,24716,12358,radius: 2 ; differance: 1
1_2_110011001_010011001_tech_education,0.5669001321137668,0.5106560182943212,0.5386359473860407,0.4975828136537949,1,2,"['110011001', '010011001']","['tech', 'education']",147952,6236,3118,radius: 2 ; differance: 1
1_2_111000100_101000100_travel_food & drink,0.4935042304769949,0.6178049791995985,0.4787998233052816,0.6106795177313522,1,2,"['111000100', '101000100']","['travel', 'food & drink']",123089,36672,18336,radius: 2 ; differance: 1
1_3_000000000_000000001_media_religion_good news_weird news,0.5594846642383917,0.4526815638904546,0.5889293431854061,0.4743160817475741,1,3,"['000000000', '000000001']","['media', 'religion', 'good news', 'weird news']",15078,19392,9696,radius: 3 ; differance: 1
1_3_000000000_000100000_media_religion_latino voices,0.5429069544824112,0.5162210129302283,0.5562611461083985,0.5119913529418116,1,3,"['000000000', '000100000']","['media', 'religion', 'latino voices']",23059,13302,6651,radius: 3 ; differance: 1
1_3_000101000_000100000_black voices_women_latino voices,0.5755490366828682,0.5387630961049445,0.5647902657908396,0.5433697317138996,1,3,"['000101000', '000100000']","['black voices', 'women', 'latino voices']",42068,18570,9285,radius: 3 ; differance: 1
1_3_000101010_000101000_queer voices_black voices_women,0.4812194832109195,0.5398568544257593,0.4856323750992335,0.5361266377361578,1,3,"['000101010', '000101000']","['queer voices', 'black voices', 'women']",100517,29004,14502,radius: 3 ; differance: 1
1_3_010000000_010001000_fifty_college,0.3769534624306684,0.4660377256533671,0.4384412388250763,0.4731422109661776,1,3,"['010000000', '010001000']","['fifty', 'college']",9813,5090,2545,radius: 3 ; differance: 1
1_3_010010001_010011001_business_crime_education,0.512869737014775,0.5082893423062839,0.5248264606561016,0.4971050692160765,1,3,"['010010001', '010011001']","['business', 'crime', 'education']",84369,21136,10568,radius: 3 ; differance: 1
1_3_010011011_010011001_money_education,0.4525928267017685,0.495621538140729,0.4431868145718562,0.4983567385737061,1,3,"['010011011', '010011001']","['money', 'education']",108607,5540,2770,radius: 3 ; differance: 1
1_3_011000110_011000010_home & living_weddings,0.4704167673385447,0.5605839389993152,0.4537390646664669,0.551362647857149,1,3,"['011000110', '011000010']","['home & living', 'weddings']",47375,15946,7973,radius: 3 ; differance: 1
1_3_100000001_000000001_world news_u.s. news_good news_weird news,0.664568439440212,0.4941435705706717,0.6864870911078192,0.4978408950052056,1,3,"['100000001', '000000001']","['world news', 'u.s. news', 'good news', 'weird news']",17576,30188,15094,radius: 3 ; differance: 1
1_3_100011000_100001000_science_environment,0.5084695112998164,0.4851070024330682,0.5251238050000537,0.4859705220260409,1,3,"['100011000', '100001000']","['science', 'environment']",120391,12544,6272,radius: 3 ; differance: 1
1_3_101000100_001000100_food & drink_style,0.5227574275259177,0.5275924590011767,0.5090787964902884,0.5278309546094734,1,3,"['101000100', '001000100']","['food & drink', 'style']",86572,41008,20504,radius: 3 ; differance: 1
1_3_101000100_101000101_food & drink_arts & culture,0.5460076116733348,0.5438650000402043,0.522620305287999,0.5398742464078464,1,3,"['101000100', '101000101']","['food & drink', 'arts & culture']",100902,24716,12358,radius: 3 ; differance: 1
1_3_110011001_010011001_tech_education,0.5803561105805805,0.505034188705857,0.5668831882792958,0.5165776534657741,1,3,"['110011001', '010011001']","['tech', 'education']",127391,6236,3118,radius: 3 ; differance: 1
1_3_111000100_101000100_travel_food & drink,0.4857556044561057,0.4868439501374764,0.4762404530975513,0.490023639596139,1,3,"['111000100', '101000100']","['travel', 'food & drink']",94045,36672,18336,radius: 3 ; differance: 1
1_4_000101000_000100000_black voices_women_latino voices,0.6014098686104971,0.4807363020302751,0.5920058751168089,0.4895113649007819,1,4,"['000101000', '000100000']","['black voices', 'women', 'latino voices']",19411,18570,9285,radius: 4 ; differance: 1
1_4_000101010_000101000_queer voices_black voices_women,0.5420606840051604,0.4900781664971724,0.5344742585746713,0.4952825834885924,1,4,"['000101010', '000101000']","['queer voices', 'black voices', 'women']",30428,29004,14502,radius: 4 ; differance: 1
1_4_010010001_010011001_business_crime_education,0.5430027145494003,0.5024525077419385,0.5636742481153738,0.5047494854612007,1,4,"['010010001', '010011001']","['business', 'crime', 'education']",44603,21136,10568,radius: 4 ; differance: 1
1_4_010011011_010011001_money_education,0.4887234292119016,0.5035652751893027,0.467962192117816,0.508958761583191,1,4,"['010011011', '010011001']","['money', 'education']",69946,5540,2770,radius: 4 ; differance: 1
1_4_011000110_011000010_home & living_weddings,0.4353596876225101,0.5497070816061148,0.4327682679218839,0.5588417826620253,1,4,"['011000110', '011000010']","['home & living', 'weddings']",20491,15946,7973,radius: 4 ; differance: 1
1_4_101000100_101000101_food & drink_arts & culture,0.5852744271542296,0.550652378162716,0.54846538772712,0.5658870879606686,1,4,"['101000100', '101000101']","['food & drink', 'arts & culture']",51833,24716,12358,radius: 4 ; differance: 1
1_4_110011001_010011001_tech_education,0.5849345767360452,0.5066449295427531,0.5607735106070957,0.5080726143177954,1,4,"['110011001', '010011001']","['tech', 'education']",79598,6236,3118,radius: 4 ; differance: 1
1_5_010011011_010011001_money_education,0.5281407942238266,0.4787075942603187,0.5030342844636966,0.4856653066050442,1,5,"['010011011', '010011001']","['money', 'education']",31556,5540,2770,radius: 5 ; differance: 1
1_5_110011001_010011001_tech_education,0.6486969040284618,0.5746494212462472,0.6235568839125663,0.5644687317378178,1,5,"['110011001', '010011001']","['tech', 'education']",21706,6236,3118,radius: 5 ; differance: 1
2_2_000000000_010001000_media_religion_college,0.4877499269791191,0.4717682308799255,0.50594281344761,0.4966174512151916,2,2,"['000000000', '010001000']","['media', 'religion', 'college']",52227,13330,6665,radius: 2 ; differance: 2
2_2_000000000_100001000_media_religion_environment,0.502629958693869,0.5138560615373843,0.5202937325891713,0.5098502338986504,2,2,"['000000000', '100001000']","['media', 'religion', 'environment']",48113,19174,9587,radius: 2 ; differance: 2
2_2_000000001_000100000_good news_weird news_latino voices,0.6442810962929536,0.4486336134797165,0.6398646577392874,0.482892821021363,2,2,"['000000001', '000100000']","['good news', 'weird news', 'latino voices']",93579,10610,5305,radius: 2 ; differance: 2
2_2_000000001_010000000_good news_weird news_fifty,0.4833801549322882,0.515230892567861,0.5278799647189768,0.5161586253420144,2,2,"['000000001', '010000000']","['good news', 'weird news', 'fifty']",68896,11152,5576,radius: 2 ; differance: 2
2_2_000000100_000000001_entertainment_comedy_good news_weird news,0.6063180576898353,0.5233003364410661,0.6255534355328203,0.5604998851738129,2,2,"['000000100', '000000001']","['entertainment', 'comedy', 'good news', 'weird news']",65945,53874,26937,radius: 2 ; differance: 2
2_2_000000100_000100000_entertainment_comedy_latino voices,0.5481006015153465,0.529005221793175,0.5583889174083719,0.5311859806057168,2,2,"['000000100', '000100000']","['entertainment', 'comedy', 'latino voices']",115640,47784,23892,radius: 2 ; differance: 2
2_2_000000100_010000000_entertainment_comedy_fifty,0.5190091995953848,0.4949474554678391,0.5291347695315306,0.5085514994966747,2,2,"['000000100', '010000000']","['entertainment', 'comedy', 'fifty']",40724,48326,24163,radius: 2 ; differance: 2
2_2_000000100_101000100_entertainment_comedy_food & drink,0.5467833722445375,0.5229653671371192,0.5460664002515421,0.524113802786128,2,2,"['000000100', '101000100']","['entertainment', 'comedy', 'food & drink']",109014,62396,31198,radius: 2 ; differance: 2
2_2_000101000_000000000_black voices_women_media_religion,0.5375497447038431,0.5099127519630549,0.5384764383147275,0.5069578207872338,2,2,"['000101000', '000000000']","['black voices', 'women', 'media', 'religion']",39883,27352,13676,radius: 2 ; differance: 2
2_2_000101000_010001000_black voices_women_college,0.5029809682394298,0.4772335884785768,0.4922428919868913,0.483852342942508,2,2,"['000101000', '010001000']","['black voices', 'women', 'college']",96654,18598,9299,radius: 2 ; differance: 2
2_2_000101000_100001000_black voices_women_environment,0.5126308779087771,0.5001530369281694,0.5118120838123253,0.495736754803869,2,2,"['000101000', '100001000']","['black voices', 'women', 'environment']",154334,24442,12221,radius: 2 ; differance: 2
2_2_000101010_000100000_queer voices_latino voices,0.4913490220260683,0.4868034072265017,0.495678656100549,0.4899306343124112,2,2,"['000101010', '000100000']","['queer voices', 'latino voices']",152559,14954,7477,radius: 2 ; differance: 2
2_2_001000100_101000101_style_arts & culture,0.4972314388174911,0.4667723006209713,0.49305640331031,0.4659748967168561,2,2,"['001000100', '101000101']","['style', 'arts & culture']",115689,31980,15990,radius: 2 ; differance: 2
2_2_010000000_000100000_fifty_latino voices,0.3681478079557461,0.4593339703441841,0.4185645685908996,0.4667094368241171,2,2,"['010000000', '000100000']","['fifty', 'latino voices']",68358,5062,2531,radius: 2 ; differance: 2
2_2_010000001_010001000_politics_sports_college,0.5598441350584706,0.5200084780076017,0.5496332208874289,0.5169276549556119,2,2,"['010000001', '010001000']","['politics', 'sports', 'college']",46959,83646,41823,radius: 2 ; differance: 2
2_2_010000001_010011001_politics_sports_education,0.558938066614521,0.5500958473514641,0.5471512876591906,0.5495966723207869,2,2,"['010000001', '010011001']","['politics', 'sports', 'education']",55450,83386,41693,radius: 2 ; differance: 2
2_2_010000010_010001000_wellness_parenting_divorce_college,0.4019528071720725,0.5442091270842648,0.4167257848995729,0.5445337303779126,2,2,"['010000010', '010001000']","['wellness', 'parenting', 'divorce', 'college']",60018,70522,35261,radius: 2 ; differance: 2
2_2_010000010_011000110_wellness_parenting_divorce_home & living,0.3998275202464413,0.5363150877761638,0.4148424736509005,0.5468143277690145,2,2,"['010000010', '011000110']","['wellness', 'parenting', 'divorce', 'home & living']",48109,76874,38437,radius: 2 ; differance: 2
2_2_010000010_100000010_wellness_parenting_divorce_impact,0.4196423232922463,0.5299919958634557,0.4279918316540384,0.5305762702845235,2,2,"['010000010', '100000010']","['wellness', 'parenting', 'divorce', 'impact']",55928,75202,37601,radius: 2 ; differance: 2
2_2_010000010_110000110_wellness_parenting_divorce_healthy living tips,0.3965870698523795,0.4276040584493012,0.4153824649339695,0.4393157185871854,2,2,"['010000010', '110000110']","['wellness', 'parenting', 'divorce', 'healthy living tips']",57803,81622,40811,radius: 2 ; differance: 2
2_2_010001000_010011001_college_education,0.4497519199203601,0.4523761618084227,0.4568046547069068,0.4570519371941313,2,2,"['010001000', '010011001']","['college', 'education']",97858,4316,2158,radius: 2 ; differance: 2
2_2_010010001_000000001_business_crime_good news_weird news,0.5658056342929956,0.4965857866974458,0.5944888455839497,0.4981903084203287,2,2,"['010010001', '000000001']","['business', 'crime', 'good news', 'weird news']",94783,27458,13729,radius: 2 ; differance: 2
2_2_010010001_010000000_business_crime_fifty,0.4657335712817111,0.4670926225934442,0.4915087888655762,0.4693329536763957,2,2,"['010010001', '010000000']","['business', 'crime', 'fifty']",69562,21910,10955,radius: 2 ; differance: 2
2_2_010010001_010011011_business_crime_money,0.5072582067464533,0.4738151061516102,0.5167328100225829,0.473869683795524,2,2,"['010010001', '010011011']","['business', 'crime', 'money']",137534,22620,11310,radius: 2 ; differance: 2
2_2_010010001_110011001_business_crime_tech,0.5338976684422376,0.5057945478857451,0.5386428927755444,0.5099346860892567,2,2,"['010010001', '110011001']","['business', 'crime', 'tech']",134980,23316,11658,radius: 2 ; differance: 2
2_2_011000010_010000000_weddings_fifty,0.3687546480597594,0.5093995337102467,0.3997322913036326,0.5043736468275295,2,2,"['011000010', '010000000']","['weddings', 'fifty']",76017,10108,5054,radius: 2 ; differance: 2
2_2_011000110_001000100_home & living_style,0.5171718968837756,0.4625446459183687,0.4986440576671086,0.4625039794997616,2,2,"['011000110', '001000100']","['home & living', 'style']",81746,32776,16388,radius: 2 ; differance: 2
2_2_100000001_000000000_world news_u.s. news_media_religion,0.6049361591365194,0.5135818185719953,0.6190923284376939,0.5083019732374748,2,2,"['100000001', '000000000']","['world news', 'u.s. news', 'media', 'religion']",39544,32880,16440,radius: 2 ; differance: 2
2_2_100000001_100001000_world news_u.s. news_environment,0.6399003185144883,0.5317406228383872,0.6494130409885205,0.5308586238454106,2,2,"['100000001', '100001000']","['world news', 'u.s. news', 'environment']",110271,29970,14985,radius: 2 ; differance: 2
2_2_100000001_101000101_world news_u.s. news_arts & culture,0.6230887149534453,0.5125091688493952,0.6310251381921373,0.5144746408115727,2,2,"['100000001', '101000101']","['world news', 'u.s. news', 'arts & culture']",91516,29682,14841,radius: 2 ; differance: 2
2_2_100000010_000000000_impact_media_religion,0.4876804637808412,0.5368632270122002,0.4979165347303622,0.5204891959371762,2,2,"['100000010', '000000000']","['impact', 'media', 'religion']",44207,18010,9005,radius: 2 ; differance: 2
2_2_100000010_100000001_impact_world news_u.s. news,0.6085511800785137,0.465111676143789,0.6132213950269296,0.4717065034391351,2,2,"['100000010', '100000001']","['impact', 'world news', 'u.s. news']",81547,28806,14403,radius: 2 ; differance: 2
2_2_100000010_100001000_impact_environment,0.4592978202710407,0.4924213148546116,0.4727850796448705,0.4887013739152215,2,2,"['100000010', '100001000']","['impact', 'environment']",125671,15100,7550,radius: 2 ; differance: 2
2_2_100001000_010001000_environment_college,0.49461479658563,0.5042845222350345,0.5066872178631625,0.5027001448806141,2,2,"['100001000', '010001000']","['environment', 'college']",91611,10420,5210,radius: 2 ; differance: 2
2_2_100011000_110011001_science_tech,0.5549521697234618,0.4874961913426391,0.5456638022021753,0.4890253110621886,2,2,"['100011000', '110011001']","['science', 'tech']",184517,8620,4310,radius: 2 ; differance: 2
2_2_110000110_011000110_healthy living tips_home & living,0.4680469075642671,0.5039476310405274,0.4687500799895124,0.5050247000864128,2,2,"['110000110', '011000110']","['healthy living tips', 'home & living']",124277,22028,11014,radius: 2 ; differance: 2
2_2_110000110_100000010_healthy living tips_impact,0.4344163813381004,0.5328727641882914,0.4516273694938664,0.5213371425048966,2,2,"['110000110', '100000010']","['healthy living tips', 'impact']",120328,20356,10178,radius: 2 ; differance: 2
2_2_110011001_010011011_tech_money,0.5204618244785095,0.5447904641735348,0.4972268275245622,0.5387653145015835,2,2,"['110011001', '010011011']","['tech', 'money']",189033,7720,3860,radius: 2 ; differance: 2
2_2_111000100_001000100_travel_style,0.460292323869149,0.5413508733188817,0.4611071080622518,0.5401747826478291,2,2,"['111000100', '001000100']","['travel', 'style']",113936,43936,21968,radius: 2 ; differance: 2
2_2_111000100_011000110_travel_home & living,0.4755590964569226,0.4398341537740271,0.460589177412441,0.459626061683128,2,2,"['111000100', '011000110']","['travel', 'home & living']",112197,28440,14220,radius: 2 ; differance: 2
2_2_111000100_101000101_travel_arts & culture,0.4436066390629473,0.5006497042905791,0.4477702599422087,0.4977029339581325,2,2,"['111000100', '101000101']","['travel', 'arts & culture']",139446,27644,13822,radius: 2 ; differance: 2
2_2_111000100_110000110_travel_healthy living tips,0.4436558055045997,0.5288263142838512,0.4476921529022703,0.5239169679419835,2,2,"['111000100', '110000110']","['travel', 'healthy living tips']",109992,33188,16594,radius: 2 ; differance: 2
2_3_000000000_010001000_media_religion_college,0.5332733220814581,0.4325026605488581,0.5545408884364832,0.4561586364498113,2,3,"['000000000', '010001000']","['media', 'religion', 'college']",18171,13330,6665,radius: 3 ; differance: 2
2_3_000000000_100001000_media_religion_environment,0.535482312159334,0.5079450547194415,0.5568923426585242,0.5054925266879617,2,3,"['000000000', '100001000']","['media', 'religion', 'environment']",18019,19174,9587,radius: 3 ; differance: 2
2_3_000000001_000100000_good news_weird news_latino voices,0.6065713440541661,0.5069231008393731,0.6208609512615909,0.5181774833074321,2,3,"['000000001', '000100000']","['good news', 'weird news', 'latino voices']",33764,10610,5305,radius: 3 ; differance: 2
2_3_000000001_010000000_good news_weird news_fifty,0.4552110017774474,0.5622675912755837,0.5039793152742236,0.5648463694225979,2,3,"['000000001', '010000000']","['good news', 'weird news', 'fifty']",15273,11152,5576,radius: 3 ; differance: 2
2_3_000101000_000000000_black voices_women_media_religion,0.5578382552176253,0.4923319538047665,0.5623719490012402,0.493701871599697,2,3,"['000101000', '000000000']","['black voices', 'women', 'media', 'religion']",16034,27352,13676,radius: 3 ; differance: 2
2_3_000101000_010001000_black voices_women_college,0.5302355515206698,0.4955071735220295,0.5189419842231487,0.4966481162853864,2,3,"['000101000', '010001000']","['black voices', 'women', 'college']",50444,18598,9299,radius: 3 ; differance: 2
2_3_000101000_100001000_black voices_women_environment,0.5189726287161822,0.4904320768829566,0.5184879242600697,0.4962139773909544,2,3,"['000101000', '100001000']","['black voices', 'women', 'environment']",115456,24442,12221,radius: 3 ; differance: 2
2_3_000101010_000100000_queer voices_latino voices,0.5479684039837992,0.4704696113330758,0.5419032004691448,0.4832237185609474,2,3,"['000101010', '000100000']","['queer voices', 'latino voices']",46082,14954,7477,radius: 3 ; differance: 2
2_3_001000100_101000101_style_arts & culture,0.4986547017151511,0.4926245159478583,0.4956341449903099,0.4959739903871006,2,3,"['001000100', '101000101']","['style', 'arts & culture']",105330,31980,15990,radius: 3 ; differance: 2
2_3_010000000_000100000_fifty_latino voices,0.3979704996642971,0.5573058437289893,0.4493403602049376,0.5359643903342008,2,3,"['010000000', '000100000']","['fifty', 'latino voices']",15893,5062,2531,radius: 3 ; differance: 2
2_3_010001000_010011001_college_education,0.4378731508338909,0.4538674767509476,0.4503383394855309,0.461388318445104,2,3,"['010001000', '010011001']","['college', 'education']",57585,4316,2158,radius: 3 ; differance: 2
2_3_010010001_000000001_business_crime_good news_weird news,0.5633143569958807,0.4819690291092562,0.5906163435355472,0.4863462850573085,2,3,"['010010001', '000000001']","['business', 'crime', 'good news', 'weird news']",27827,27458,13729,radius: 3 ; differance: 2
2_3_010010001_010011011_business_crime_money,0.512492196056634,0.4612873047255192,0.5156874695765482,0.4686987045006884,2,3,"['010010001', '010011011']","['business', 'crime', 'money']",85833,22620,11310,radius: 3 ; differance: 2
2_3_010010001_110011001_business_crime_tech,0.5415607097115389,0.4769750470616493,0.541728188265909,0.4777797820550111,2,3,"['010010001', '110011001']","['business', 'crime', 'tech']",79213,23316,11658,radius: 3 ; differance: 2
2_3_011000010_010000000_weddings_fifty,0.343630852483718,0.5196111125292038,0.3909040359908194,0.507425703122253,2,3,"['011000010', '010000000']","['weddings', 'fifty']",19717,10108,5054,radius: 3 ; differance: 2
2_3_011000110_001000100_home & living_style,0.5163710413609821,0.517153091488566,0.4997569814659827,0.5441516443644228,2,3,"['011000110', '001000100']","['home & living', 'style']",75040,32776,16388,radius: 3 ; differance: 2
2_3_100000001_100001000_world news_u.s. news_environment,0.7346599697239227,0.5117810703596489,0.7341261520701905,0.512121656665637,2,3,"['100000001', '100001000']","['world news', 'u.s. news', 'environment']",58537,29970,14985,radius: 3 ; differance: 2
2_3_100000001_101000101_world news_u.s. news_arts & culture,0.686487172128236,0.6176675623046696,0.6960797231953779,0.6296820996167884,2,3,"['100000001', '101000101']","['world news', 'u.s. news', 'arts & culture']",52359,29682,14841,radius: 3 ; differance: 2
2_3_100000010_000000000_impact_media_religion,0.511412248300577,0.4203211800711616,0.5350707720097273,0.455580474439734,2,3,"['100000010', '000000000']","['impact', 'media', 'religion']",14011,18010,9005,radius: 3 ; differance: 2
2_3_100000010_100000001_impact_world news_u.s. news,0.6404851240399153,0.4635447654338523,0.6525781529288559,0.4803402912566487,2,3,"['100000010', '100000001']","['impact', 'world news', 'u.s. news']",23954,28806,14403,radius: 3 ; differance: 2
2_3_100000010_100001000_impact_environment,0.4696719792991535,0.5203309854830929,0.4790654773351767,0.5211632642496418,2,3,"['100000010', '100001000']","['impact', 'environment']",75663,15100,7550,radius: 3 ; differance: 2
2_3_100001000_010001000_environment_college,0.548860157455948,0.5361431766019135,0.5623418867137314,0.530738501306779,2,3,"['100001000', '010001000']","['environment', 'college']",31694,10420,5210,radius: 3 ; differance: 2
2_3_100011000_110011001_science_tech,0.5950265933107596,0.513424642416869,0.5752060807788195,0.5183744344731367,2,3,"['100011000', '110011001']","['science', 'tech']",114615,8620,4310,radius: 3 ; differance: 2
2_3_110000110_011000110_healthy living tips_home & living,0.4911251503566997,0.4999438784828686,0.4826395953390024,0.4991237796799544,2,3,"['110000110', '011000110']","['healthy living tips', 'home & living']",91678,22028,11014,radius: 3 ; differance: 2
2_3_110000110_100000010_healthy living tips_impact,0.446427919831866,0.459691359009088,0.4610212135707368,0.4618880700023194,2,3,"['110000110', '100000010']","['healthy living tips', 'impact']",70218,20356,10178,radius: 3 ; differance: 2
2_3_110011001_010011011_tech_money,0.5733107264624554,0.5362150326183253,0.5376852305351372,0.5198616252201278,2,3,"['110011001', '010011011']","['tech', 'money']",98108,7720,3860,radius: 3 ; differance: 2
2_3_111000100_001000100_travel_style,0.4611961320021069,0.5249408826929085,0.4621091198346511,0.512715853574392,2,3,"['111000100', '001000100']","['travel', 'style']",103577,43936,21968,radius: 3 ; differance: 2
2_3_111000100_011000110_travel_home & living,0.4842836054288546,0.5606203624577415,0.4680130939679042,0.5484808337026593,2,3,"['111000100', '011000110']","['travel', 'home & living']",88034,28440,14220,radius: 3 ; differance: 2
2_3_111000100_101000101_travel_arts & culture,0.4459537441971816,0.4637659151104915,0.4512655383260598,0.4696306877080343,2,3,"['111000100', '101000101']","['travel', 'arts & culture']",107455,27644,13822,radius: 3 ; differance: 2
2_3_111000100_110000110_travel_healthy living tips,0.4483811343454811,0.4496729502230303,0.4520579250749221,0.4614276692742917,2,3,"['111000100', '110000110']","['travel', 'healthy living tips']",82176,33188,16594,radius: 3 ; differance: 2
2_4_000000001_000100000_good news_weird news_latino voices,0.6243515400352307,0.5414420802312474,0.6405684211840165,0.5552690532863018,2,4,"['000000001', '000100000']","['good news', 'weird news', 'latino voices']",15609,10610,5305,radius: 4 ; differance: 2
2_4_000101010_000100000_queer voices_latino voices,0.5600426748488507,0.4615051044414586,0.5561459786367939,0.4687125978473028,2,4,"['000101010', '000100000']","['queer voices', 'latino voices']",20477,14954,7477,radius: 4 ; differance: 2
2_4_010001000_010011001_college_education,0.5325753001311584,0.4763543372892725,0.5303563021541281,0.4814011703329492,2,4,"['010001000', '010011001']","['college', 'education']",10200,4316,2158,radius: 4 ; differance: 2
2_4_010010001_010011011_business_crime_money,0.5317563778132698,0.5424032627636396,0.5488474349438321,0.5336388236387691,2,4,"['010010001', '010011011']","['business', 'crime', 'money']",49735,22620,11310,radius: 4 ; differance: 2
2_4_010010001_110011001_business_crime_tech,0.5606898269050156,0.4733469861487577,0.5738397047408971,0.4774893037742211,2,4,"['010010001', '110011001']","['business', 'crime', 'tech']",51668,23316,11658,radius: 4 ; differance: 2
2_4_100011000_110011001_science_tech,0.6880356748725512,0.5566802773456215,0.6664950425266055,0.5564984007346614,2,4,"['100011000', '110011001']","['science', 'tech']",70364,8620,4310,radius: 4 ; differance: 2
2_4_110000110_011000110_healthy living tips_home & living,0.452730695953965,0.4621942939453158,0.4574050543834259,0.4676314937657965,2,4,"['110000110', '011000110']","['healthy living tips', 'home & living']",25427,22028,11014,radius: 4 ; differance: 2
2_4_110011001_010011011_tech_money,0.5605601828236999,0.461640681629037,0.5293119525491231,0.4688004337795917,2,4,"['110011001', '010011011']","['tech', 'money']",82532,7720,3860,radius: 4 ; differance: 2
2_4_111000100_011000110_travel_home & living,0.4294722845341736,0.5584942737294791,0.4336067172076937,0.5676908979505138,2,4,"['111000100', '011000110']","['travel', 'home & living']",22221,28440,14220,radius: 4 ; differance: 2
2_4_111000100_101000101_travel_arts & culture,0.4151827666228081,0.4663711573703243,0.4311919620474364,0.476027116170754,2,4,"['111000100', '101000101']","['travel', 'arts & culture']",18444,27644,13822,radius: 4 ; differance: 2
2_4_111000100_110000110_travel_healthy living tips,0.4156912295980972,0.5526686028074086,0.4325991559637613,0.5427435205740995,2,4,"['111000100', '110000110']","['travel', 'healthy living tips']",19847,33188,16594,radius: 4 ; differance: 2
2_5_110011001_010011011_tech_money,0.5607366305135708,0.506099593277672,0.5223541814911514,0.5168965743780405,2,5,"['110011001', '010011011']","['tech', 'money']",40536,7720,3860,radius: 5 ; differance: 2
3_2_000000000_100011000_media_religion_science,0.5165700136412217,0.4998449583294316,0.534276682904587,0.5049803407034055,3,2,"['000000000', '100011000']","['media', 'religion', 'science']",47869,15454,7727,radius: 2 ; differance: 3
3_2_000000001_001000100_good news_weird news_style,0.585770196513959,0.5539597811358263,0.5771178725049246,0.5545029976274243,3,2,"['000000001', '001000100']","['good news', 'weird news', 'style']",58497,32486,16243,radius: 2 ; differance: 3
3_2_000000001_010001000_good news_weird news_college,0.5561366964749914,0.4788448304790925,0.5881466401533173,0.48142935979459,3,2,"['000000001', '010001000']","['good news', 'weird news', 'college']",59571,10638,5319,radius: 2 ; differance: 3
3_2_000000001_010011001_good news_weird news_education,0.586131973959026,0.4953227807715901,0.5970980221202001,0.5117354532181732,3,2,"['000000001', '010011001']","['good news', 'weird news', 'education']",102179,10378,5189,radius: 2 ; differance: 3
3_2_000000001_100001000_good news_weird news_environment,0.6247950553877037,0.4864822068342499,0.6192748543596621,0.4952091433996778,3,2,"['000000001', '100001000']","['good news', 'weird news', 'environment']",86090,16482,8241,radius: 2 ; differance: 3
3_2_000000001_101000101_good news_weird news_arts & culture,0.5826743214136841,0.4956662691614818,0.5933523756413048,0.5098025818146377,3,2,"['000000001', '101000101']","['good news', 'weird news', 'arts & culture']",70963,16194,8097,radius: 2 ; differance: 3
3_2_000000100_000101000_entertainment_comedy_black voices_women,0.5371300321086785,0.5427334473771946,0.5447324740854076,0.5480628132660449,3,2,"['000000100', '000101000']","['entertainment', 'comedy', 'black voices', 'women']",103405,61834,30917,radius: 2 ; differance: 3
3_2_000000100_010001000_entertainment_comedy_college,0.5349560132997833,0.468060750558556,0.5408512133680355,0.4833608955414125,3,2,"['000000100', '010001000']","['entertainment', 'comedy', 'college']",40953,47812,23906,radius: 2 ; differance: 3
3_2_000000100_011000110_entertainment_comedy_home & living,0.5269469924906365,0.5018500855708053,0.5293144053308548,0.5028195056599315,3,2,"['000000100', '011000110']","['entertainment', 'comedy', 'home & living']",68268,54164,27082,radius: 2 ; differance: 3
3_2_000000100_100000001_entertainment_comedy_world news_u.s. news,0.6324225968997106,0.4340031895229786,0.6487198490915388,0.4554568067593303,3,2,"['000000100', '100000001']","['entertainment', 'comedy', 'world news', 'u.s. news']",57283,67362,33681,radius: 2 ; differance: 3
3_2_000000100_100000010_entertainment_comedy_impact,0.5215706877087171,0.4856773485313074,0.5351102975781022,0.4842375844739613,3,2,"['000000100', '100000010']","['entertainment', 'comedy', 'impact']",68508,52492,26246,radius: 2 ; differance: 3
3_2_000000100_100001000_entertainment_comedy_environment,0.5459760784087195,0.4721758462409475,0.5634954635565368,0.4890811028711031,3,2,"['000000100', '100001000']","['entertainment', 'comedy', 'environment']",97232,53656,26828,radius: 2 ; differance: 3
3_2_000000100_101000101_entertainment_comedy_arts & culture,0.5367958969751658,0.5341132876881414,0.5532524782749632,0.5338454310224475,3,2,"['000000100', '101000101']","['entertainment', 'comedy', 'arts & culture']",102609,53368,26684,radius: 2 ; differance: 3
3_2_000000100_110000110_entertainment_comedy_healthy living tips,0.5054572991476658,0.5378011981929206,0.5168685839687471,0.5331691147981944,3,2,"['000000100', '110000110']","['entertainment', 'comedy', 'healthy living tips']",66063,58912,29456,radius: 2 ; differance: 3
3_2_000000100_111000100_entertainment_comedy_travel,0.5096008910311551,0.5018858541664104,0.5202985858758651,0.5097144707039112,3,2,"['000000100', '111000100']","['entertainment', 'comedy', 'travel']",96536,65324,32662,radius: 2 ; differance: 3
3_2_000101000_000000001_black voices_women_good news_weird news,0.6298909976984639,0.5095683254960076,0.6201378624606428,0.5165914528116133,3,2,"['000101000', '000000001']","['black voices', 'women', 'good news', 'weird news']",81344,24660,12330,radius: 2 ; differance: 3
3_2_000101000_010000000_black voices_women_fifty,0.4921406974480671,0.4710873542945981,0.4956740451714778,0.4773218866394251,3,2,"['000101000', '010000000']","['black voices', 'women', 'fifty']",57267,19112,9556,radius: 2 ; differance: 3
3_2_000101000_100011000_black voices_women_science,0.5159368177389986,0.4822683809208171,0.5124658136973682,0.4842269187390076,3,2,"['000101000', '100011000']","['black voices', 'women', 'science']",168493,20722,10361,radius: 2 ; differance: 3
3_2_000101010_000000000_queer voices_media_religion,0.5065827780736967,0.4683268246805184,0.5170904014232187,0.4809987621960471,3,2,"['000101010', '000000000']","['queer voices', 'media', 'religion']",41691,23736,11868,radius: 2 ; differance: 3
3_2_000101010_010001000_queer voices_college,0.4657762322396007,0.4717368134958229,0.4732665001089349,0.4767007965414653,3,2,"['000101010', '010001000']","['queer voices', 'college']",98462,14982,7491,radius: 2 ; differance: 3
3_2_000101010_100000010_queer voices_impact,0.4551195335438052,0.4861492867958996,0.463639075847597,0.4827504307701403,3,2,"['000101010', '100000010']","['queer voices', 'impact']",119263,19662,9831,radius: 2 ; differance: 3
3_2_000101010_100001000_queer voices_environment,0.4812084865108473,0.4885249933531198,0.4936328943745067,0.4890822198479648,3,2,"['000101010', '100001000']","['queer voices', 'environment']",156142,20826,10413,radius: 2 ; differance: 3
3_2_001000100_000100000_style_latino voices,0.5087124740804726,0.5341842848571127,0.5005470545032487,0.5329696150787309,3,2,"['001000100', '000100000']","['style', 'latino voices']",108192,26396,13198,radius: 2 ; differance: 3
3_2_001000100_010000000_style_fifty,0.4503235586152049,0.5216770637624741,0.456457040652346,0.5213171339806912,3,2,"['001000100', '010000000']","['style', 'fifty']",33276,26938,13469,radius: 2 ; differance: 3
3_2_010000000_010011001_fifty_education,0.3121995464852607,0.515085923468316,0.3832806114913717,0.5038808187822056,3,2,"['010000000', '010011001']","['fifty', 'education']",78102,4830,2415,radius: 2 ; differance: 3
3_2_010000001_010011011_politics_sports_money,0.5613476820758545,0.4799689717369917,0.5486152029651953,0.4832641775960918,3,2,"['010000001', '010011011']","['politics', 'sports', 'money']",54708,84870,42435,radius: 2 ; differance: 3
3_2_010000001_011000010_politics_sports_weddings,0.546344580298034,0.4433888890091969,0.5345791279428745,0.4590843686571478,3,2,"['010000001', '011000010']","['politics', 'sports', 'weddings']",48698,88664,44332,radius: 2 ; differance: 3
3_2_010000001_110011001_politics_sports_tech,0.5669770652289224,0.475200635498621,0.5523727290658611,0.4839311795436167,3,2,"['010000001', '110011001']","['politics', 'sports', 'tech']",52154,85566,42783,radius: 2 ; differance: 3
3_2_010000010_000101010_wellness_parenting_divorce_queer voices,0.4130504989736689,0.4781769888016877,0.4240340778409289,0.4912609376364874,3,2,"['010000010', '000101010']","['wellness', 'parenting', 'divorce', 'queer voices']",52418,80928,40464,radius: 2 ; differance: 3
3_2_010000010_010010001_wellness_parenting_divorce_business_crime,0.4215746396207294,0.5744210670571903,0.4328557620695014,0.5631867563053211,3,2,"['010000010', '010010001']","['wellness', 'parenting', 'divorce', 'business', 'crime']",46240,87342,43671,radius: 2 ; differance: 3
3_2_010000010_010011011_wellness_parenting_divorce_money,0.4023005797027406,0.5166707596788741,0.4170552085510797,0.5125098418303032,3,2,"['010000010', '010011011']","['wellness', 'parenting', 'divorce', 'money']",58213,71746,35873,radius: 2 ; differance: 3
3_2_010001000_000100000_college_latino voices,0.5003130876436548,0.488573364615024,0.4964446895611623,0.4830531563951907,3,2,"['010001000', '000100000']","['college', 'latino voices']",76742,4548,2274,radius: 2 ; differance: 3
3_2_010010001_000000000_business_crime_media_religion,0.5311943895778157,0.4929629618628801,0.5544278766199925,0.495389189810219,3,2,"['010010001', '000000000']","['business', 'crime', 'media', 'religion']",30403,30150,15075,radius: 2 ; differance: 3
3_2_010010001_010001000_business_crime_college,0.5031949928632595,0.4832360998526446,0.5124743536897644,0.4852946619306789,3,2,"['010010001', '010001000']","['business', 'crime', 'college']",85143,21396,10698,radius: 2 ; differance: 3
3_2_010010001_100000001_business_crime_world news_u.s. news,0.6100807391537999,0.546010314996267,0.6269069103154945,0.5550480382850171,3,2,"['010010001', '100000001']","['business', 'crime', 'world news', 'u.s. news']",100459,40946,20473,radius: 2 ; differance: 3
3_2_010011011_010001000_money_college,0.4511209274673008,0.4344670630202141,0.4473231107093384,0.4459268467575284,3,2,"['010011011', '010001000']","['money', 'college']",97116,5800,2900,radius: 2 ; differance: 3
3_2_011000010_000000000_weddings_media_religion,0.4781065866136984,0.4717141561143142,0.4794209618191842,0.4728477415150625,3,2,"['011000010', '000000000']","['weddings', 'media', 'religion']",42759,18348,9174,radius: 2 ; differance: 3
3_2_011000010_001000100_weddings_style,0.4921437072662329,0.4360269687569817,0.482252343537555,0.441226460565926,3,2,"['011000010', '001000100']","['weddings', 'style']",87706,31442,15721,radius: 2 ; differance: 3
3_2_011000010_010001000_weddings_college,0.4142983317391102,0.5606450751892262,0.4212479898430944,0.5365371330936823,3,2,"['011000010', '010001000']","['weddings', 'college']",100660,9594,4797,radius: 2 ; differance: 3
3_2_011000010_100000010_weddings_impact,0.4332462861945562,0.4959445307573395,0.4343114534803543,0.4945297216892919,3,2,"['011000010', '100000010']","['weddings', 'impact']",128215,14274,7137,radius: 2 ; differance: 3
3_2_011000110_010000000_home & living_fifty,0.4228606090692588,0.5973882366247976,0.435293372145385,0.5809132705103107,3,2,"['011000110', '010000000']","['home & living', 'fifty']",46688,11442,5721,radius: 2 ; differance: 3
3_2_100000001_000100000_world news_u.s. news_latino voices,0.7279094808324827,0.4840874022300328,0.7259655659465549,0.4911333260150013,3,2,"['100000001', '000100000']","['world news', 'u.s. news', 'latino voices']",84917,24098,12049,radius: 2 ; differance: 3
3_2_100000001_010000000_world news_u.s. news_fifty,0.6316691922120088,0.4753159226629702,0.6561730332467486,0.4882124758249279,3,2,"['100000001', '010000000']","['world news', 'u.s. news', 'fifty']",50680,24640,12320,radius: 2 ; differance: 3
3_2_100000001_100011000_world news_u.s. news_science,0.6556941032199547,0.4701903063945578,0.6599939951140537,0.4651967587393467,3,2,"['100000001', '100011000']","['world news', 'u.s. news', 'science']",119326,26250,13125,radius: 2 ; differance: 3
3_2_100000001_110011001_world news_u.s. news_tech,0.6895650197532079,0.5374817785123597,0.6911414767923074,0.539358533471479,3,2,"['100000001', '110011001']","['world news', 'u.s. news', 'tech']",107104,26046,13023,radius: 2 ; differance: 3
3_2_100000010_000000001_impact_good news_weird news,0.5341282886115053,0.542043388779539,0.5434127355209968,0.5344939912250279,3,2,"['100000010', '000000001']","['impact', 'good news', 'weird news']",57366,15318,7659,radius: 2 ; differance: 3
3_2_100000010_000100000_impact_latino voices,0.4701968331432821,0.4619698364356872,0.4706353569358157,0.4650132579806118,3,2,"['100000010', '000100000']","['impact', 'latino voices']",96142,9228,4614,radius: 2 ; differance: 3
3_2_100000010_010000000_impact_fifty,0.4144005682383668,0.5269863147164727,0.4447237214069525,0.5123856752825289,3,2,"['100000010', '010000000']","['impact', 'fifty']",55343,9770,4885,radius: 2 ; differance: 3
3_2_100000010_100011000_impact_science,0.4719356099097791,0.5319565976136719,0.4799232224095392,0.5513162920440327,3,2,"['100000010', '100011000']","['impact', 'science']",134726,11380,5690,radius: 2 ; differance: 3
3_2_100001000_000100000_environment_latino voices,0.5039538430699045,0.4729312823389342,0.513521337253724,0.4741179204620442,3,2,"['100001000', '000100000']","['environment', 'latino voices']",133021,10392,5196,radius: 2 ; differance: 3
3_2_100001000_010000000_environment_fifty,0.4632507284088989,0.5528550185995498,0.5043431473596298,0.5401916254962589,3,2,"['100001000', '010000000']","['environment', 'fifty']",51094,10934,5467,radius: 2 ; differance: 3
3_2_100011000_010001000_science_college,0.4756123412786812,0.4845862775673869,0.4860765928454594,0.4838430724342806,3,2,"['100011000', '010001000']","['science', 'college']",105770,6700,3350,radius: 2 ; differance: 3
3_2_100011000_010011001_science_education,0.5006225647158674,0.5254810771189383,0.5141329362720758,0.517865158946315,3,2,"['100011000', '010011001']","['science', 'education']",143784,6440,3220,radius: 2 ; differance: 3
3_2_101000100_000000000_food & drink_media_religion,0.5182172057762301,0.5579272746487052,0.5065879006657296,0.5509131234931831,3,2,"['101000100', '000000000']","['food & drink', 'media', 'religion']",23691,27914,13957,radius: 2 ; differance: 3
3_2_101000100_011000110_food & drink_home & living,0.5599697253248147,0.640850987947457,0.5212320940595603,0.6389193965098157,3,2,"['101000100', '011000110']","['food & drink', 'home & living']",90899,25512,12756,radius: 2 ; differance: 3
3_2_101000100_100000001_food & drink_world news_u.s. news,0.6675207327289323,0.526228713787671,0.6599197330415876,0.5365539135044238,3,2,"['101000100', '100000001']","['food & drink', 'world news', 'u.s. news']",64240,38710,19355,radius: 2 ; differance: 3
3_2_101000100_100000010_food & drink_impact,0.5339061479494166,0.5096558608001891,0.510885624022466,0.5060302433935555,3,2,"['101000100', '100000010']","['food & drink', 'impact']",75718,23840,11920,radius: 2 ; differance: 3
3_2_101000100_100001000_food & drink_environment,0.5402010002507741,0.4861706145573738,0.5229955583561721,0.4870600164064137,3,2,"['101000100', '100001000']","['food & drink', 'environment']",104442,25004,12502,radius: 2 ; differance: 3
3_2_110000110_010000000_healthy living tips_fifty,0.3772652347566593,0.5494329726407496,0.4241287634806275,0.5531913851597935,3,2,"['110000110', '010000000']","['healthy living tips', 'fifty']",52898,16190,8095,radius: 2 ; differance: 3
3_2_110000110_011000010_healthy living tips_weddings,0.4278712030700349,0.4726862476305316,0.4400309440676364,0.4758096919639399,3,2,"['110000110', '011000010']","['healthy living tips', 'weddings']",135611,20694,10347,radius: 2 ; differance: 3
3_2_110000110_101000100_healthy living tips_food & drink,0.5152454580679713,0.4815259205414716,0.499103327265796,0.4909267540667581,3,2,"['110000110', '101000100']","['healthy living tips', 'food & drink']",88694,30260,15130,radius: 2 ; differance: 3
3_2_110011001_010001000_tech_college,0.5450259083270644,0.463952333683176,0.5241471716279318,0.4699342919614825,3,2,"['110011001', '010001000']","['tech', 'college']",94562,6496,3248,radius: 2 ; differance: 3
3_2_110011001_100001000_tech_environment,0.5327969287265983,0.475598546319962,0.5282499058930541,0.4779421071212206,3,2,"['110011001', '100001000']","['tech', 'environment']",153434,12340,6170,radius: 2 ; differance: 3
3_2_111000100_010000000_travel_fifty,0.3749749368897435,0.4635793965232921,0.4061911631195898,0.473556876675746,3,2,"['111000100', '010000000']","['travel', 'fifty']",28750,22602,11301,radius: 2 ; differance: 3
3_2_111000100_011000010_travel_weddings,0.4439124789708601,0.5737285369555898,0.4388669594858096,0.5661044903428646,3,2,"['111000100', '011000010']","['travel', 'weddings']",111463,27106,13553,radius: 2 ; differance: 3
3_3_000000000_100011000_media_religion_science,0.544203691693416,0.4450365218852363,0.5660290441023388,0.4768351930953181,3,3,"['000000000', '100011000']","['media', 'religion', 'science']",18865,15454,7727,radius: 3 ; differance: 3
3_3_000000001_010001000_good news_weird news_college,0.5798751268964841,0.476229051277508,0.614058618789362,0.4930495271135101,3,3,"['000000001', '010001000']","['good news', 'weird news', 'college']",24031,10638,5319,radius: 3 ; differance: 3
3_3_000000001_010011001_good news_weird news_education,0.5755773819390018,0.5076348373363893,0.5964865228433496,0.5317628324919109,3,3,"['000000001', '010011001']","['good news', 'weird news', 'education']",34161,10378,5189,radius: 3 ; differance: 3
3_3_000000001_100001000_good news_weird news_environment,0.5896847076528945,0.536458315617935,0.6176778309079356,0.5475019397031271,3,3,"['000000001', '100001000']","['good news', 'weird news', 'environment']",18082,16482,8241,radius: 3 ; differance: 3
3_3_000000001_101000101_good news_weird news_arts & culture,0.5200906908513818,0.5274103474499763,0.5361241400120534,0.5361445228244137,3,3,"['000000001', '101000101']","['good news', 'weird news', 'arts & culture']",18983,16194,8097,radius: 3 ; differance: 3
3_3_000101000_000000001_black voices_women_good news_weird news,0.6031689961579673,0.4855090545284482,0.6126014613912171,0.4886496499138052,3,3,"['000101000', '000000001']","['black voices', 'women', 'good news', 'weird news']",24533,24660,12330,radius: 3 ; differance: 3
3_3_000101000_100011000_black voices_women_science,0.5278223248163365,0.4715434758690661,0.5282516795786127,0.4765417242417266,3,3,"['000101000', '100011000']","['black voices', 'women', 'science']",124738,20722,10361,radius: 3 ; differance: 3
3_3_000101010_000000000_queer voices_media_religion,0.5304504333649245,0.5136761155657974,0.5420789912367692,0.5104336492956637,3,3,"['000101010', '000000000']","['queer voices', 'media', 'religion']",17842,23736,11868,radius: 3 ; differance: 3
3_3_000101010_010001000_queer voices_college,0.4941412630233929,0.4755132581916793,0.4935638765938769,0.4750247508204042,3,3,"['000101010', '010001000']","['queer voices', 'college']",48768,14982,7491,radius: 3 ; differance: 3
3_3_000101010_100000010_queer voices_impact,0.4651021032791166,0.4700078979965361,0.4734484514351382,0.4714085721157648,3,3,"['000101010', '100000010']","['queer voices', 'impact']",75486,19662,9831,radius: 3 ; differance: 3
3_3_000101010_100001000_queer voices_environment,0.4803352917939589,0.4685612458604731,0.4929069905409419,0.4698165405093271,3,3,"['000101010', '100001000']","['queer voices', 'environment']",83147,20826,10413,radius: 3 ; differance: 3
3_3_010000000_010011001_fifty_education,0.3424365486585308,0.4036188590117837,0.4019031837359649,0.4298217971416605,3,3,"['010000000', '010011001']","['fifty', 'education']",16290,4830,2415,radius: 3 ; differance: 3
3_3_010001000_000100000_college_latino voices,0.5698312111444503,0.4646036917655048,0.5695759368611338,0.4662323342584039,3,3,"['010001000', '000100000']","['college', 'latino voices']",30998,4548,2274,radius: 3 ; differance: 3
3_3_010010001_010001000_business_crime_college,0.5500373255077511,0.463124656151495,0.5777642359279477,0.4634071857745591,3,3,"['010010001', '010001000']","['business', 'crime', 'college']",38126,21396,10698,radius: 3 ; differance: 3
3_3_010010001_100000001_business_crime_world news_u.s. news,0.611782886771998,0.5078081747943795,0.6281908157237991,0.5060117636825865,3,3,"['010010001', '100000001']","['business', 'crime', 'world news', 'u.s. news']",30664,40946,20473,radius: 3 ; differance: 3
3_3_010011011_010001000_money_college,0.4539946492271106,0.4654550535077288,0.4503840650135547,0.4672539246698586,3,3,"['010011011', '010001000']","['money', 'college']",56843,5800,2900,radius: 3 ; differance: 3
3_3_011000010_001000100_weddings_style,0.4363038170030625,0.4863997545521383,0.442749769341162,0.4997599449760912,3,3,"['011000010', '001000100']","['weddings', 'style']",30400,31442,15721,radius: 3 ; differance: 3
3_3_011000010_010001000_weddings_college,0.3759603417621386,0.5796858826496253,0.4029958086014227,0.5672579261943502,3,3,"['011000010', '010001000']","['weddings', 'college']",18480,9594,4797,radius: 3 ; differance: 3
3_3_011000010_100000010_weddings_impact,0.436487883634708,0.4510251621966835,0.4364765943952317,0.4596240404235082,3,3,"['011000010', '100000010']","['weddings', 'impact']",19368,14274,7137,radius: 3 ; differance: 3
3_3_011000110_010000000_home & living_fifty,0.4478833856846417,0.4938619775146479,0.450708515123279,0.4961605733634014,3,3,"['011000110', '010000000']","['home & living', 'fifty']",10614,11442,5721,radius: 3 ; differance: 3
3_3_100000001_000100000_world news_u.s. news_latino voices,0.7043338044479495,0.525632259856616,0.7239365852398488,0.5358290030079768,3,3,"['100000001', '000100000']","['world news', 'u.s. news', 'latino voices']",15288,24098,12049,radius: 3 ; differance: 3
3_3_100000001_100011000_world news_u.s. news_science,0.7433301942857142,0.4968812001814059,0.7425438518368137,0.5148400649487672,3,3,"['100000001', '100011000']","['world news', 'u.s. news', 'science']",65730,26250,13125,radius: 3 ; differance: 3
3_3_100000001_110011001_world news_u.s. news_tech,0.7371215230292475,0.5248889511299948,0.7329984640431471,0.5305482539789699,3,3,"['100000001', '110011001']","['world news', 'u.s. news', 'tech']",72231,26046,13023,radius: 3 ; differance: 3
3_3_100000010_000000001_impact_good news_weird news,0.5998898385774866,0.5057402043471289,0.6033864204205712,0.496252175494343,3,3,"['100000010', '000000001']","['impact', 'good news', 'weird news']",10421,15318,7659,radius: 3 ; differance: 3
3_3_100000010_000100000_impact_latino voices,0.5175506162902186,0.4965285352113364,0.5063372597038646,0.4935983320255308,3,3,"['100000010', '000100000']","['impact', 'latino voices']",27956,9228,4614,radius: 3 ; differance: 3
3_3_100000010_100011000_impact_science,0.4764718882138367,0.5342741559360146,0.4858267982919881,0.5257146326086124,3,3,"['100000010', '100011000']","['impact', 'science']",76509,11380,5690,radius: 3 ; differance: 3
3_3_100001000_000100000_environment_latino voices,0.5521833392003442,0.480265934860771,0.5531354329739208,0.4808717456313427,3,3,"['100001000', '000100000']","['environment', 'latino voices']",35617,10392,5196,radius: 3 ; differance: 3
3_3_100011000_010001000_science_college,0.5474924927600803,0.5205404767208732,0.5728508927392639,0.5156601864925454,3,3,"['100011000', '010001000']","['science', 'college']",41990,6700,3350,radius: 3 ; differance: 3
3_3_100011000_010011001_science_education,0.5124507156359709,0.4988719571004205,0.5255769355281295,0.4995393522686537,3,3,"['100011000', '010011001']","['science', 'education']",110129,6440,3220,radius: 3 ; differance: 3
3_3_101000100_011000110_food & drink_home & living,0.5645022488817539,0.4565563856176585,0.5258234378266722,0.4728072940162159,3,3,"['101000100', '011000110']","['food & drink', 'home & living']",65508,25512,12756,radius: 3 ; differance: 3
3_3_101000100_100000001_food & drink_world news_u.s. news,0.7173773038673399,0.5523781677519001,0.7006213774985781,0.5475522553899514,3,3,"['101000100', '100000001']","['food & drink', 'world news', 'u.s. news']",36831,38710,19355,radius: 3 ; differance: 3
3_3_101000100_100000010_food & drink_impact,0.5592285855648395,0.5244153381322914,0.5266465168736699,0.520444238663726,3,3,"['101000100', '100000010']","['food & drink', 'impact']",52486,23840,11920,radius: 3 ; differance: 3
3_3_101000100_100001000_food & drink_environment,0.5513256032930107,0.5335901814820172,0.5315107005137913,0.5385478709386289,3,3,"['101000100', '100001000']","['food & drink', 'environment']",78271,25004,12502,radius: 3 ; differance: 3
3_3_110000110_010000000_healthy living tips_fifty,0.3905653868648281,0.4733307873877263,0.4340255790716955,0.4781088290594434,3,3,"['110000110', '010000000']","['healthy living tips', 'fifty']",8240,16190,8095,radius: 3 ; differance: 3
3_3_110000110_011000010_healthy living tips_weddings,0.4266619792196011,0.4359012583260354,0.4373753076440128,0.4444429590407682,3,3,"['110000110', '011000010']","['healthy living tips', 'weddings']",45001,20694,10347,radius: 3 ; differance: 3
3_3_110000110_101000100_healthy living tips_food & drink,0.5174838664161536,0.4539583403409708,0.504101176447534,0.4647169712057983,3,3,"['110000110', '101000100']","['healthy living tips', 'food & drink']",63134,30260,15130,radius: 3 ; differance: 3
3_3_110011001_010001000_tech_college,0.6161237059107234,0.5426912014062462,0.6046111949745028,0.5562483605128216,3,3,"['110011001', '010001000']","['tech', 'college']",45576,6496,3248,radius: 3 ; differance: 3
3_3_110011001_100001000_tech_environment,0.6582987162749645,0.487147868732745,0.6411865655882206,0.4934117968635406,3,3,"['110011001', '100001000']","['tech', 'environment']",68504,12340,6170,radius: 3 ; differance: 3
3_3_111000100_011000010_travel_weddings,0.4041501529402627,0.5084749222507684,0.4165963365811613,0.5026784882855246,3,3,"['111000100', '011000010']","['travel', 'weddings']",37873,27106,13553,radius: 3 ; differance: 3
3_4_000000001_010011001_good news_weird news_education,0.5972136085046711,0.5355346844751159,0.6206993541056453,0.534134970014764,3,4,"['000000001', '010011001']","['good news', 'weird news', 'education']",15725,10378,5189,radius: 4 ; differance: 3
3_4_000101000_100011000_black voices_women_science,0.6077643773417314,0.5715436798740452,0.6091343794483386,0.5706255763222315,3,4,"['000101000', '100011000']","['black voices', 'women', 'science']",18128,20722,10361,radius: 4 ; differance: 3
3_4_010011011_010001000_money_college,0.527694292508918,0.5158747919143876,0.5168794074241885,0.5182056683630997,3,4,"['010011011', '010001000']","['money', 'college']",9458,5800,2900,radius: 4 ; differance: 3
3_4_100011000_010011001_science_education,0.5642851356043362,0.5031016357393618,0.5799868314553268,0.5079582974440947,3,4,"['100011000', '010011001']","['science', 'education']",37337,6440,3220,radius: 4 ; differance: 3
3_4_101000100_011000110_food & drink_home & living,0.5059062522462514,0.5361642971818008,0.4836676649759606,0.5200470142983789,3,4,"['101000100', '011000110']","['food & drink', 'home & living']",16174,25512,12756,radius: 4 ; differance: 3
3_4_110011001_010001000_tech_college,0.6414986903649688,0.4977352489747385,0.6215498713230799,0.4961898077654131,3,4,"['110011001', '010001000']","['tech', 'college']",9110,6496,3248,radius: 4 ; differance: 3
